TransactionID,SaleDate,CustomerID,ProductID,StoreID,CampaignID,SaleAmount,ReedemableStoreCryptoCurrency,WinCoins
1,5/4/2025,1034,2059,402,0.0,2048.2,54,Yes
2,5/4/2025,1066,2048,403,1.0,321.87,60,No
3,5/4/2025,1116,2041,403,3.0,3216.84,21,No
4,5/4/2025,1071,2096,404,2.0,1613.23,53,Yes
5,5/4/2025,1020,2060,401,0.0,408.38,39,Yes
6,5/4/2025,1089,2028,401,0.0,1275.88,92,No
7,5/4/2025,1193,2003,402,1.0,346.66,17,Yes
8,5/4/2025,1005,2079,402,1.0,855.49,17,Yes
9,5/4/2025,1032,2060,401,1.0,735.08,26,No
10,5/4/2025,1119,2089,403,2.0,661.63,64,No
11,5/4/2025,1042,2077,401,,505.65,21,Yes
12,5/4/2025,1079,2013,401,2.0,0,22,No
13,5/4/2025,1147,2086,404,3.0,4470.5,64,No
14,5/4/2025,1183,2025,401,1.0,503.32,80,Yes
15,5/4/2025,1026,2089,403,0.0,413.52,88,Yes
16,5/4/2025,1144,2005,403,3.0,1715.12,37,No
17,5/4/2025,1169,2047,401,2.0,535.97,98,Yes
18,5/4/2025,1003,2053,404,0.0,3660.9,51,Yes
19,5/4/2025,1110,2046,404,1.0,30.09,15,Yes
20,5/4/2025,1111,2022,403,3.0,671.18,63,Yes
21,5/4/2025,1119,2055,403,2.0,?,22,No
22,5/4/2025,1062,2011,403,3.0,1229.22,7,No
23,5/4/2025,1062,2096,404,3.0,672.18,16,Yes
24,5/4/2025,1086,2003,404,2.0,924.43,33,Yes
25,5/4/2025,1046,2062,402,2.0,1981.95,73,No
26,5/4/2025,1066,2043,403,2.0,698.76,2,Yes
27,5/4/2025,1142,2001,402,0.0,1237.05,54,Yes
28,5/4/2025,1061,2092,404,3.0,482.21,32,No
29,5/4/2025,1142,2097,402,3.0,4210.5,75,Yes
30,5/4/2025,1165,2091,404,3.0,4528.95,78,No
31,2023-13-01,1004,2011,403,1.0,737.53,85,Yes
32,5/4/2025,1103,2088,402,2.0,0,80,No
33,5/4/2025,1169,2074,403,3.0,0,0,No
34,5/4/2025,1141,2067,403,3.0,872.85,28,Yes
35,5/4/2025,1190,2070,403,2.0,54.69,54,No
36,5/4/2025,1179,2058,403,2.0,1066.8,0,Yes
37,5/4/2025,1064,2029,401,1.0,12.16,92,No
38,5/4/2025,1080,2015,402,1.0,3037.36,38,Yes
39,5/4/2025,1055,2094,404,2.0,1578.72,78,No
40,5/4/2025,1185,2075,403,0.0,0,82,No
41,5/4/2025,9999,2037,402,2.0,288.11,33,No
42,5/4/2025,1045,2038,401,1.0,1667.72,29,Yes
43,5/4/2025,1070,2005,401,2.0,686.05,57,Yes
44,5/4/2025,1178,2016,404,0.0,0,39,Yes
45,5/4/2025,1003,2073,403,3.0,1498.29,14,No
46,5/4/2025,1122,2056,403,1.0,944.5,68,No
47,5/4/2025,1013,2032,404,0.0,2836.8,46,No
48,5/4/2025,1016,2051,404,0.0,117.32,75,Yes
49,5/4/2025,1147,2080,401,1.0,0,15,No
50,5/4/2025,1038,2072,403,0.0,840.6,67,Yes
51,5/4/2025,1063,2015,404,1.0,1214.95,38,No
52,5/4/2025,1198,2066,404,3.0,516.06,38,No
53,5/4/2025,1113,2038,404,2.0,2223.62,97,No
54,5/4/2025,1145,2079,401,0.0,1901.08,3,No
55,5/4/2025,1195,2026,402,2.0,507.74,57,No
56,5/4/2025,1169,2010,402,1.0,140.11,21,Yes
57,5/4/2025,1044,2070,401,1.0,0,7,No
58,5/4/2025,1000,2052,404,3.0,2193.78,17,Yes
59,5/4/2025,1074,2004,402,2.0,741.8,73,Yes
60,5/4/2025,1180,2036,404,0.0,217.98,38,Yes
61,5/4/2025,1175,2029,403,1.0,36.48,57,Yes
62,5/4/2025,1108,2014,402,1.0,221.67,62,No
63,5/4/2025,1068,2018,401,0.0,2169.04,1,Yes
64,5/4/2025,1042,2039,403,3.0,2929.32,0,No
65,5/4/2025,1031,2059,403,3.0,0,17,No
66,5/4/2025,1069,2064,404,3.0,1470.2,86,No
67,5/4/2025,1020,2076,401,3.0,4836.42,51,Yes
68,5/4/2025,1188,2041,403,0.0,1608.42,5,Yes
69,5/4/2025,1023,2029,401,2.0,0,21,Yes
70,5/4/2025,1147,2005,402,3.0,0,68,No
71,5/4/2025,1132,2083,404,2.0,614.53,29,No
72,5/4/2025,1046,2074,404,3.0,659.5,1,No
73,5/4/2025,1023,2060,403,3.0,1225.14,82,No
74,5/4/2025,1085,2041,401,1.0,1447.58,65,Yes
75,5/4/2025,1084,2052,404,2.0,2925.04,95,Yes
76,5/4/2025,1169,2051,401,3.0,117.32,87,Yes
77,5/4/2025,1022,2040,403,2.0,55.26,51,Yes
78,5/4/2025,1029,2098,404,0.0,3631.44,5,Yes
79,5/4/2025,1168,2069,404,3.0,232.39,79,Yes
80,5/4/2025,1013,2024,403,3.0,372.81,43,No
81,5/4/2025,1160,2056,401,1.0,472.25,64,No
82,5/4/2025,1068,2070,402,2.0,109.38,49,Yes
83,5/4/2025,1112,2089,404,0.0,2067.6,58,Yes
84,5/4/2025,1007,2080,402,1.0,1498.07,2,No
85,5/4/2025,1079,2070,401,3.0,34.18,10,Yes
86,5/4/2025,1023,2028,401,3.0,2551.76,6,No
87,5/4/2025,1030,2082,402,3.0,799.8,82,No
88,5/4/2025,1183,2037,403,3.0,2160.84,18,No
89,5/4/2025,1123,2060,402,3.0,2450.28,35,Yes
90,5/4/2025,1141,2018,404,1.0,2440.17,93,Yes
91,5/4/2025,1153,2065,402,0.0,470.34,77,No
92,5/4/2025,1070,2098,404,2.0,0,3,No
93,5/4/2025,1129,2034,401,2.0,108.94,42,Yes
94,5/4/2025,1185,2038,404,1.0,1667.72,59,Yes
95,5/4/2025,1114,2068,404,2.0,656.19,10,Yes
96,5/4/2025,1085,2070,404,3.0,0,28,Yes
97,5/4/2025,1082,2024,402,3.0,372.81,30,Yes
98,5/4/2025,1059,2099,404,0.0,1292.64,49,No
99,5/4/2025,1081,2095,404,3.0,490.79,48,Yes
100,5/4/2025,1098,2084,402,3.0,0,73,No
101,5/4/2025,1009,2016,403,0.0,969.06,74,Yes
102,5/4/2025,1112,2012,404,0.0,1869.57,6,No
103,5/4/2025,1184,2018,404,1.0,488.03,8,Yes
104,5/4/2025,1019,2060,403,2.0,0,28,No
105,5/4/2025,1159,2088,404,0.0,0,82,Yes
106,5/4/2025,1084,2086,404,2.0,2861.12,76,No
107,5/4/2025,1160,2091,404,0.0,905.79,31,No
108,5/4/2025,1158,2008,402,2.0,159.82,30,Yes
109,5/4/2025,1058,2095,401,3.0,2453.95,34,No
110,5/4/2025,1025,2097,401,3.0,842.1,6,No
111,5/4/2025,1042,2088,403,0.0,709.35,33,No
112,5/4/2025,1011,2041,401,2.0,0,80,No
113,5/4/2025,1091,2047,404,1.0,0,21,No
114,5/4/2025,1062,2067,404,1.0,0,63,Yes
115,5/4/2025,1043,2022,401,3.0,2684.72,21,Yes
116,5/4/2025,1158,2087,402,3.0,477.96,75,No
117,5/4/2025,1149,2018,402,3.0,1626.78,12,Yes
118,5/4/2025,1163,2032,404,2.0,756.48,99,Yes
119,5/4/2025,1170,2001,404,2.0,659.76,41,Yes
120,5/4/2025,1173,2069,402,0.0,464.78,11,No
121,5/4/2025,1113,2044,403,3.0,0,95,No
122,5/4/2025,1176,2032,404,2.0,756.48,13,No
123,5/4/2025,1050,2049,404,0.0,2819.52,38,No
124,5/4/2025,1060,2048,403,2.0,1144.42,31,No
125,5/4/2025,1179,2037,401,3.0,1440.56,65,No
126,5/4/2025,1070,2001,401,3.0,0,7,Yes
127,5/4/2025,1073,2099,402,2.0,0,42,Yes
128,5/4/2025,1056,2081,402,2.0,0,94,Yes
129,5/4/2025,1173,2096,402,0.0,672.18,43,Yes
130,5/4/2025,1160,2082,401,2.0,426.56,85,No
131,5/4/2025,1112,2004,403,1.0,1669.05,26,Yes
132,5/4/2025,1023,2037,403,3.0,2160.84,74,No
133,5/4/2025,1044,2025,402,2.0,223.7,21,Yes
134,5/4/2025,1135,2064,403,1.0,793.91,43,No
135,5/4/2025,1065,2061,403,2.0,639.74,64,Yes
136,5/4/2025,1029,2059,401,1.0,921.69,89,Yes
137,5/4/2025,1193,2028,404,2.0,1531.06,88,No
138,5/4/2025,1023,2050,401,2.0,298.85,92,No
139,5/4/2025,1137,2015,404,2.0,539.98,88,No
140,5/4/2025,1172,2095,403,3.0,2453.95,58,No
141,5/4/2025,1163,2047,401,1.0,301.48,64,No
142,5/4/2025,1120,2003,403,1.0,1039.99,17,Yes
143,5/4/2025,1165,2008,404,2.0,53.27,94,Yes
144,5/4/2025,1166,2052,401,1.0,658.13,11,Yes
145,5/4/2025,1011,2004,403,3.0,3709,15,Yes
146,5/4/2025,1029,2012,402,1.0,0,4,No
147,5/4/2025,1099,2058,403,3.0,666.75,78,Yes
148,5/4/2025,1150,2095,402,3.0,490.79,12,No
149,5/4/2025,1167,2012,404,3.0,0,58,No
150,5/4/2025,1071,2004,403,1.0,834.52,88,No
151,5/4/2025,1113,2056,402,2.0,839.55,67,No
152,5/4/2025,1025,2087,403,2.0,0,16,Yes
153,5/4/2025,1015,2050,403,1.0,504.31,80,Yes
154,5/4/2025,1031,2058,401,1.0,2400.3,38,Yes
155,5/4/2025,1164,2081,401,0.0,2984.88,83,Yes
156,5/4/2025,1085,2031,402,1.0,508.77,28,No
157,5/4/2025,1017,2097,402,1.0,757.89,20,No
158,5/4/2025,1059,2042,402,0.0,0,0,No
159,5/4/2025,1070,2018,402,2.0,0,15,Yes
160,5/4/2025,1044,2014,401,1.0,886.68,8,Yes
161,5/4/2025,1003,2045,402,2.0,499.42,38,No
162,5/4/2025,1004,2022,403,0.0,671.18,84,Yes
163,5/4/2025,1032,2094,404,0.0,493.35,28,Yes
164,5/4/2025,1190,2008,404,3.0,266.36,76,No
165,5/4/2025,1199,2046,401,3.0,167.15,53,Yes
166,5/4/2025,1128,2028,401,2.0,2041.41,88,No
167,5/4/2025,1117,2082,401,0.0,799.8,39,Yes
168,5/4/2025,1122,2051,404,0.0,234.64,93,Yes
169,5/4/2025,1125,2091,404,0.0,1811.58,86,Yes
170,5/4/2025,1020,2041,402,0.0,0,44,No
171,5/4/2025,1032,2035,403,3.0,4499.95,78,No
172,5/4/2025,1152,2067,403,3.0,872.85,7,Yes
173,5/4/2025,1129,2077,404,0.0,2809.15,62,Yes
174,5/4/2025,1179,2014,402,3.0,738.9,90,No
175,5/4/2025,1115,2029,404,2.0,0,13,Yes
176,5/4/2025,1116,2051,404,0.0,351.96,80,No
177,5/4/2025,1080,2054,403,2.0,3602.04,41,No
178,5/4/2025,1095,2019,404,0.0,933.93,39,No
179,5/4/2025,1023,2010,401,3.0,0,88,No
180,5/4/2025,1024,2095,403,1.0,3533.69,55,Yes
181,5/4/2025,1142,2007,403,0.0,583.39,89,Yes
182,5/4/2025,1105,2045,404,0.0,624.28,85,Yes
183,5/4/2025,1073,2076,403,2.0,1934.57,72,No
184,5/4/2025,1026,2073,402,1.0,1797.95,75,Yes
185,5/4/2025,1168,2061,402,0.0,599.76,66,Yes
186,5/4/2025,1089,2071,403,0.0,0,46,No
187,5/4/2025,1195,2035,402,3.0,0,82,No
188,5/4/2025,1143,2098,401,2.0,2178.86,94,Yes
189,5/4/2025,1007,2023,403,2.0,751.63,90,No
190,5/4/2025,1086,2044,401,1.0,373.64,17,Yes
191,5/4/2025,1036,2072,404,0.0,1260.9,4,No
192,5/4/2025,1036,2094,401,0.0,2466.75,2,Yes
193,5/4/2025,1191,2067,402,3.0,872.85,26,No
194,5/4/2025,1107,2058,403,1.0,1800.22,28,No
195,5/4/2025,1094,2039,403,0.0,1952.88,11,No
196,5/4/2025,1013,2019,402,0.0,0,42,Yes
197,5/4/2025,1172,2010,403,3.0,0,66,No
198,5/4/2025,1169,2054,404,3.0,900.51,4,No
199,5/4/2025,1106,2034,402,0.0,136.17,60,No
200,5/4/2025,1088,2055,401,2.0,129.46,46,No
201,5/4/2025,1173,2086,404,2.0,715.28,51,Yes
202,5/4/2025,1011,2028,404,0.0,0,72,No
203,5/4/2025,1001,2026,403,1.0,190.4,59,No
204,5/4/2025,1196,2017,403,2.0,370.96,94,No
205,5/4/2025,1083,2015,401,3.0,0,10,Yes
206,5/4/2025,1191,2055,402,1.0,48.55,14,No
207,5/4/2025,1097,2068,402,2.0,1312.38,62,Yes
208,5/4/2025,1018,2050,401,3.0,0,25,Yes
209,5/4/2025,1004,2058,401,2.0,1066.8,46,No
210,5/4/2025,1147,2054,404,3.0,2701.53,26,Yes
211,5/4/2025,1074,2014,404,0.0,738.9,40,No
212,5/4/2025,1083,2021,404,2.0,668.33,44,No
213,5/4/2025,1022,2055,401,1.0,97.09,32,Yes
214,5/4/2025,1111,2075,404,0.0,1561.28,6,No
215,5/4/2025,1101,2039,403,1.0,2636.39,31,No
216,5/4/2025,1085,2099,402,0.0,646.32,60,Yes
217,5/4/2025,1130,2081,401,1.0,1343.2,48,Yes
218,5/4/2025,1198,2044,403,1.0,186.82,27,No
219,5/4/2025,1060,2013,402,2.0,0,3,No
220,5/4/2025,1050,2022,402,0.0,671.18,57,Yes
221,5/4/2025,1045,2098,404,3.0,907.86,42,Yes
222,5/4/2025,1193,2072,404,2.0,1681.2,17,No
223,5/4/2025,1160,2040,402,3.0,138.16,43,Yes
224,5/4/2025,1017,2060,404,2.0,0,71,No
225,5/4/2025,1070,2075,401,2.0,624.51,16,No
226,5/4/2025,1129,2009,403,3.0,198.93,100,Yes
227,5/4/2025,1115,2004,401,2.0,2225.4,5,No
228,5/4/2025,1073,2009,401,3.0,66.31,43,Yes
229,5/4/2025,1118,2074,401,3.0,659.5,82,No
230,5/4/2025,1146,2083,402,2.0,614.53,36,No
231,5/4/2025,1154,2060,402,0.0,408.38,39,Yes
232,5/4/2025,1115,2013,403,0.0,2806.08,77,Yes
233,5/4/2025,1129,2082,402,0.0,1066.4,14,Yes
234,5/4/2025,1063,2090,404,3.0,71.64,66,No
235,5/4/2025,1134,2066,402,2.0,1238.54,70,No
236,5/4/2025,1095,2036,404,3.0,653.94,81,No
237,5/4/2025,1198,2043,401,2.0,1397.52,8,No
238,5/4/2025,1016,2042,401,3.0,0,69,No
239,5/4/2025,1072,2032,402,2.0,1512.96,23,Yes
240,5/4/2025,1020,2074,402,2.0,527.6,3,No
241,5/4/2025,1079,2083,404,1.0,691.34,5,Yes
242,5/4/2025,1152,2090,401,2.0,57.31,72,Yes
243,5/4/2025,1143,2048,403,1.0,0,60,Yes
244,5/4/2025,1171,2089,401,3.0,1654.08,38,Yes
245,5/4/2025,1130,2046,401,2.0,106.98,80,No
246,5/4/2025,1079,2023,402,2.0,3006.53,94,No
247,5/4/2025,1196,2062,402,1.0,1114.85,63,No
248,5/4/2025,1035,2019,401,2.0,0,72,Yes
249,5/4/2025,1025,2064,401,2.0,705.7,88,No
250,5/4/2025,1196,2079,402,3.0,2851.62,72,Yes
251,5/4/2025,1039,2020,402,1.0,338.25,67,No
252,5/4/2025,1184,2056,401,3.0,1574.16,19,Yes
253,5/4/2025,1093,2086,402,3.0,3576.4,34,Yes
254,5/4/2025,1156,2036,404,1.0,392.36,84,Yes
255,5/4/2025,1136,2030,403,3.0,509.91,47,Yes
256,5/4/2025,1049,2047,404,3.0,1674.9,25,Yes
257,5/4/2025,1196,2036,404,3.0,0,8,Yes
258,5/4/2025,1041,2025,402,2.0,671.09,69,No
259,5/4/2025,1013,2082,404,2.0,1066.4,74,No
260,5/4/2025,1141,2013,401,2.0,748.29,79,Yes
261,5/4/2025,1021,2097,402,2.0,673.68,90,Yes
262,5/4/2025,1115,2065,402,3.0,1881.36,54,Yes
263,5/4/2025,1023,2028,404,2.0,510.35,7,No
264,5/4/2025,1006,2053,401,3.0,610.15,74,No
265,5/4/2025,1128,2047,402,3.0,1004.94,65,No
266,5/4/2025,1020,2047,402,0.0,669.96,78,Yes
267,5/4/2025,1081,2012,403,1.0,1682.61,47,Yes
268,5/4/2025,1035,2004,403,3.0,927.25,95,Yes
269,5/4/2025,1178,2017,404,3.0,1854.8,43,No
270,5/4/2025,1157,2000,401,0.0,1938.62,41,Yes
271,5/4/2025,1065,2027,402,3.0,775.83,73,Yes
272,5/4/2025,1028,2099,403,1.0,3490.13,16,No
273,5/4/2025,1077,2015,401,1.0,1822.42,31,No
274,5/4/2025,1107,2081,404,0.0,2238.66,14,No
275,5/4/2025,1028,2063,401,1.0,994.43,99,Yes
276,5/4/2025,1183,2018,403,3.0,2711.3,21,Yes
277,5/4/2025,1000,2078,403,1.0,0,71,Yes
278,5/4/2025,1146,2053,402,0.0,1220.3,1,No
279,5/4/2025,1134,2046,401,0.0,33.43,19,No
280,5/4/2025,1099,2060,401,3.0,1633.52,51,Yes
281,5/4/2025,1095,2032,401,2.0,1512.96,58,No
282,5/4/2025,1017,2044,402,0.0,207.58,97,No
283,5/4/2025,1197,2074,403,1.0,593.55,84,Yes
284,5/4/2025,1011,2045,403,1.0,842.78,90,No
285,5/4/2025,1199,2087,404,3.0,159.32,99,Yes
286,5/4/2025,1161,2023,402,0.0,939.54,42,No
287,5/4/2025,1183,2099,404,0.0,1292.64,37,Yes
288,5/4/2025,1075,2025,401,1.0,0,10,Yes
289,5/4/2025,1010,2040,403,3.0,138.16,100,Yes
290,5/4/2025,1139,2060,403,0.0,1225.14,61,Yes
291,5/4/2025,1192,2082,402,2.0,213.28,42,Yes
292,5/4/2025,1091,2099,401,2.0,1034.11,65,Yes
293,5/4/2025,1069,2015,403,3.0,2699.88,73,Yes
294,5/4/2025,1102,2095,404,3.0,1472.37,94,Yes
295,5/4/2025,1086,2023,404,3.0,3758.16,70,No
296,5/4/2025,1094,2066,403,0.0,1032.12,17,No
297,5/4/2025,1186,2054,401,3.0,0,39,No
298,5/4/2025,1154,2023,403,2.0,751.63,93,No
299,5/4/2025,1026,2010,403,2.0,62.27,75,Yes
300,5/4/2025,1078,2057,404,1.0,393.28,24,Yes
301,5/4/2025,1176,2056,403,3.0,524.72,33,Yes
302,5/4/2025,1010,2093,403,3.0,0,4,Yes
303,5/4/2025,1070,2081,401,0.0,1492.44,9,Yes
304,5/4/2025,1171,2081,404,2.0,596.98,24,Yes
305,5/4/2025,1131,2095,402,0.0,1472.37,76,Yes
306,5/4/2025,1036,2077,404,0.0,1123.66,69,Yes
307,5/4/2025,1032,2008,402,2.0,106.54,23,No
308,5/4/2025,1092,2049,401,1.0,0,31,No
309,5/4/2025,1173,2057,403,2.0,349.58,72,Yes
310,5/4/2025,1113,2097,401,1.0,757.89,60,No
311,5/4/2025,1135,2046,404,2.0,80.23,45,Yes
312,5/4/2025,1166,2035,402,0.0,899.99,63,Yes
313,5/4/2025,1006,2094,402,3.0,1480.05,71,Yes
314,5/4/2025,1132,2049,401,2.0,1503.74,99,Yes
315,5/4/2025,1198,2033,404,1.0,2257.88,86,No
316,5/4/2025,1156,2036,404,1.0,784.73,43,No
317,5/4/2025,1031,2017,401,3.0,0,88,No
318,5/4/2025,1044,2091,404,0.0,1811.58,23,No
319,5/4/2025,1174,2040,403,0.0,34.54,16,No
320,5/4/2025,1140,2069,403,2.0,557.74,28,No
321,5/4/2025,1040,2091,402,2.0,724.63,99,Yes
322,5/4/2025,1130,2028,401,1.0,574.15,92,Yes
323,5/4/2025,1035,2030,404,0.0,339.94,74,Yes
324,5/4/2025,1092,2070,403,3.0,102.54,52,No
325,5/4/2025,1141,2016,401,0.0,0,10,Yes
326,5/4/2025,1079,2050,404,3.0,186.78,90,Yes
327,5/4/2025,1196,2052,401,1.0,2632.54,72,Yes
328,5/4/2025,1081,2082,401,3.0,1066.4,85,Yes
329,5/4/2025,1119,2087,403,1.0,0,74,Yes
330,5/4/2025,1199,2070,402,1.0,30.76,54,No
331,5/4/2025,1110,2064,401,0.0,0,90,Yes
332,5/4/2025,1132,2019,403,1.0,1681.07,42,Yes
333,5/4/2025,1041,2041,402,2.0,643.37,65,No
334,5/4/2025,1132,2036,401,2.0,348.77,88,No
335,5/4/2025,1050,2081,403,1.0,2686.39,18,Yes
336,5/4/2025,1160,2038,401,1.0,0,75,Yes
337,5/4/2025,1151,2074,402,1.0,1187.1,88,Yes
338,5/4/2025,1168,2079,403,0.0,1901.08,35,Yes
339,5/4/2025,1007,2010,401,2.0,62.27,14,Yes
340,5/4/2025,1166,2026,404,0.0,0,45,No
341,5/4/2025,1127,2080,403,2.0,1997.42,52,Yes
342,5/4/2025,1123,2031,404,2.0,1356.72,96,No
343,5/4/2025,1116,2009,401,1.0,119.36,42,Yes
344,5/4/2025,1112,2053,404,3.0,0,73,No
345,5/4/2025,1052,2043,402,2.0,698.76,58,Yes
346,5/4/2025,1183,2040,403,3.0,103.62,99,Yes
347,5/4/2025,1033,2097,403,0.0,4210.5,47,No
348,5/4/2025,1081,2030,404,0.0,339.94,26,No
349,5/4/2025,1068,2057,402,1.0,1179.85,79,Yes
350,5/4/2025,1024,2006,403,3.0,594,83,Yes
351,5/4/2025,1157,2053,402,1.0,1098.27,69,Yes
352,5/4/2025,1083,2073,403,1.0,2247.44,56,No
353,5/4/2025,1195,2020,404,3.0,1879.15,75,Yes
354,5/4/2025,1127,2039,404,0.0,1952.88,81,No
355,5/4/2025,1023,2050,404,1.0,0,99,No
356,5/4/2025,1055,2074,403,0.0,1978.5,9,No
357,5/4/2025,1012,2036,404,3.0,653.94,48,Yes
358,5/4/2025,1073,2068,401,0.0,2460.72,0,No
359,5/4/2025,1110,2017,403,2.0,370.96,52,No
360,5/4/2025,1195,2051,403,0.0,117.32,35,No
361,5/4/2025,1102,2006,402,2.0,792,75,No
362,5/4/2025,1141,2036,401,3.0,871.92,66,Yes
363,5/4/2025,1129,2057,403,0.0,1747.92,19,Yes
364,5/4/2025,1032,2012,404,2.0,997.1,20,Yes
365,5/4/2025,1086,2071,403,1.0,553.64,2,Yes
366,5/4/2025,1050,2077,404,0.0,561.83,95,Yes
367,5/4/2025,1011,2004,402,2.0,0,67,Yes
368,5/4/2025,1121,2066,404,1.0,0,6,No
369,5/4/2025,1155,2065,402,2.0,1128.82,94,Yes
370,5/4/2025,1156,2040,402,3.0,138.16,63,No
371,5/4/2025,1157,2094,403,2.0,1578.72,97,Yes
372,5/4/2025,1129,2065,404,2.0,752.54,62,No
373,5/4/2025,1121,2002,403,2.0,2771.2,9,No
374,5/4/2025,1172,2014,404,2.0,197.04,98,Yes
375,5/4/2025,1185,2088,401,3.0,2128.05,43,No
376,5/4/2025,1067,2083,402,0.0,0,100,Yes
377,5/4/2025,1149,2061,402,3.0,1199.52,49,No
378,5/4/2025,1037,2087,402,0.0,318.64,74,Yes
379,5/4/2025,1146,2089,401,1.0,744.34,44,Yes
380,5/4/2025,1004,2056,403,3.0,2098.88,28,Yes
381,5/4/2025,1038,2052,402,3.0,2193.78,100,No
382,5/4/2025,1128,2099,404,0.0,3877.92,8,Yes
383,5/4/2025,1180,2017,402,2.0,741.92,68,Yes
384,5/4/2025,1169,2061,404,2.0,319.87,39,Yes
385,5/4/2025,1044,2058,403,2.0,1066.8,70,No
386,5/4/2025,1173,2098,403,3.0,3631.44,22,Yes
387,5/4/2025,1049,2031,403,2.0,1356.72,30,Yes
388,5/4/2025,1057,2038,403,1.0,2501.58,39,No
389,5/4/2025,1176,2090,404,2.0,343.87,59,Yes
390,5/4/2025,1122,2044,403,2.0,166.06,75,No
391,5/4/2025,1031,2073,404,3.0,1498.29,35,No
392,5/4/2025,1088,2098,402,2.0,726.29,22,No
393,5/4/2025,1010,2036,401,2.0,348.77,43,Yes
394,5/4/2025,1113,2083,403,3.0,3072.64,23,Yes
395,5/4/2025,1054,2025,403,2.0,671.09,77,No
396,5/4/2025,1035,2013,402,1.0,1683.65,3,Yes
397,5/4/2025,1012,2085,402,1.0,217.94,82,Yes
398,5/4/2025,1013,2012,404,2.0,1994.21,80,No
399,5/4/2025,1183,2060,401,1.0,367.54,41,No
400,5/4/2025,1001,2070,402,3.0,102.54,68,Yes
401,5/4/2025,1167,2060,404,1.0,735.08,97,Yes
402,5/4/2025,1193,2036,403,2.0,348.77,37,Yes
403,5/4/2025,1165,2007,401,1.0,0,81,No
404,5/4/2025,1136,2094,401,1.0,1776.06,98,Yes
405,5/4/2025,1106,2022,401,3.0,671.18,36,No
406,5/4/2025,1126,2023,403,0.0,0,84,No
407,5/4/2025,1002,2038,401,2.0,1482.42,22,No
408,5/4/2025,1072,2058,404,1.0,1200.15,31,Yes
409,5/4/2025,1129,2059,403,1.0,1382.54,95,No
410,5/4/2025,1028,2042,402,3.0,502.83,5,No
411,5/4/2025,1165,2032,402,0.0,0,21,Yes
412,5/4/2025,1188,2043,403,1.0,1572.21,64,Yes
413,5/4/2025,1044,2078,404,3.0,426.03,77,No
414,5/4/2025,1131,2041,401,3.0,3216.84,19,No
415,5/4/2025,1171,2012,402,1.0,1121.74,35,Yes
416,5/4/2025,1122,2041,402,0.0,1608.42,20,Yes
417,5/4/2025,1066,2049,402,3.0,0,38,Yes
418,5/4/2025,1192,2034,403,2.0,326.81,48,No
419,5/4/2025,1149,2092,401,2.0,1157.3,87,Yes
420,5/4/2025,1167,2046,402,0.0,133.72,63,Yes
421,5/4/2025,1170,2015,404,2.0,0,32,Yes
422,5/4/2025,1040,2051,403,0.0,469.28,62,No
423,5/4/2025,1163,2037,403,1.0,0,69,Yes
424,5/4/2025,1056,2017,404,1.0,834.66,54,No
425,5/4/2025,1116,2095,403,3.0,490.79,37,Yes
426,5/4/2025,1179,2070,404,1.0,61.52,10,Yes
427,5/4/2025,1195,2031,401,3.0,1695.9,58,Yes
428,5/4/2025,1135,2090,403,0.0,0,76,No
429,5/4/2025,1144,2014,401,1.0,443.34,38,Yes
430,5/4/2025,1146,2068,402,1.0,2952.86,68,Yes
431,5/4/2025,1083,2066,404,0.0,516.06,70,Yes
432,5/4/2025,1174,2026,404,0.0,423.12,5,Yes
433,5/4/2025,1130,2057,401,3.0,1747.92,86,Yes
434,5/4/2025,1033,2065,404,3.0,0,13,Yes
435,5/4/2025,1144,2007,404,2.0,933.42,45,Yes
436,5/4/2025,1185,2002,404,2.0,692.8,46,No
437,5/4/2025,1000,2095,402,0.0,0,56,Yes
438,5/4/2025,1011,2054,403,0.0,900.51,65,No
439,5/4/2025,1138,2007,401,3.0,2333.56,93,Yes
440,5/4/2025,1008,2036,404,1.0,196.18,75,Yes
441,5/4/2025,1196,2017,404,2.0,741.92,67,No
442,5/4/2025,1097,2057,404,3.0,436.98,75,Yes
443,5/4/2025,1020,2087,402,2.0,637.28,72,Yes
444,5/4/2025,1030,2022,404,1.0,604.06,76,Yes
445,5/4/2025,1186,2028,401,0.0,2551.76,68,No
446,5/4/2025,1076,2059,404,3.0,1536.15,52,No
447,5/4/2025,1058,2031,404,2.0,0,69,Yes
448,5/4/2025,1039,2035,402,0.0,899.99,54,No
449,5/4/2025,1008,2084,404,0.0,845.55,36,Yes
450,5/4/2025,1061,2026,401,0.0,423.12,41,No
451,5/4/2025,1152,2004,404,0.0,2781.75,41,No
452,5/4/2025,1062,2094,401,3.0,1973.4,95,Yes
453,5/4/2025,1112,2029,402,0.0,13.51,29,No
454,5/4/2025,1035,2064,403,1.0,0,87,Yes
455,5/4/2025,1187,2073,403,2.0,399.54,72,No
456,5/4/2025,1060,2038,402,1.0,3335.44,78,Yes
457,5/4/2025,1105,2038,403,0.0,1853.02,79,No
458,5/4/2025,1142,2075,402,3.0,3903.2,46,No
459,5/4/2025,1142,2063,401,2.0,1325.9,94,No
460,5/4/2025,1164,2085,404,2.0,387.44,88,No
461,5/4/2025,1178,2053,404,1.0,1647.4,98,Yes
462,5/4/2025,1076,2048,402,3.0,1072.89,31,Yes
463,5/4/2025,1061,2028,403,1.0,1148.29,99,No
464,5/4/2025,1118,2007,404,3.0,1750.17,11,Yes
465,5/4/2025,1142,2067,402,3.0,1163.8,26,Yes
466,5/4/2025,1062,2032,402,2.0,756.48,81,Yes
467,5/4/2025,1165,2010,404,2.0,124.54,49,No
468,5/4/2025,1023,2068,402,0.0,2460.72,93,Yes
469,5/4/2025,1068,2048,401,0.0,715.26,61,Yes
470,5/4/2025,1048,2097,402,3.0,0,89,Yes
471,5/4/2025,1053,2042,403,0.0,167.61,86,Yes
472,5/4/2025,1054,2024,401,3.0,372.81,34,No
473,5/4/2025,1062,2089,402,3.0,1240.56,68,Yes
474,5/4/2025,1061,2070,403,2.0,27.34,29,No
475,5/4/2025,1097,2059,403,2.0,0,59,Yes
476,5/4/2025,1066,2046,404,3.0,200.58,14,Yes
477,5/4/2025,1025,2092,404,2.0,771.54,49,Yes
478,5/4/2025,1052,2047,403,3.0,334.98,98,Yes
479,5/4/2025,1011,2072,402,1.0,756.54,95,Yes
480,5/4/2025,1004,2033,404,2.0,0,76,Yes
481,5/4/2025,1039,2025,403,1.0,503.32,52,No
482,5/4/2025,1097,2072,402,3.0,420.3,20,No
483,5/4/2025,1140,2083,403,2.0,1843.58,91,Yes
484,5/4/2025,1195,2062,404,3.0,3096.8,13,No
485,5/4/2025,1043,2093,403,1.0,1360.69,69,Yes
486,5/4/2025,1035,2092,404,1.0,0,75,No
487,5/4/2025,1138,2082,401,0.0,533.2,43,No
488,5/4/2025,1019,2085,401,0.0,484.3,0,No
489,5/4/2025,1105,2017,402,0.0,1391.1,24,No
490,5/4/2025,1181,2019,401,1.0,4202.68,10,No
491,5/4/2025,1129,2058,403,0.0,1333.5,34,No
492,5/4/2025,1158,2081,404,3.0,2984.88,61,No
493,5/4/2025,1004,2000,404,0.0,2907.93,90,No
494,5/4/2025,1004,2067,403,2.0,465.52,21,Yes
495,5/4/2025,1004,2064,404,1.0,1323.18,13,No
496,5/4/2025,1027,2012,402,1.0,1121.74,38,Yes
497,5/4/2025,1049,2079,403,2.0,3802.16,38,Yes
498,5/4/2025,1068,2050,401,2.0,0,39,Yes
499,5/4/2025,1103,2058,402,1.0,600.08,36,Yes
500,5/4/2025,1076,2087,401,0.0,159.32,9,No
501,5/4/2025,1023,2051,404,3.0,351.96,64,No
502,5/4/2025,1141,2060,401,0.0,408.38,76,Yes
503,5/4/2025,1179,2021,401,3.0,835.41,46,Yes
504,5/4/2025,1111,2082,403,0.0,0,69,Yes
505,5/4/2025,1135,2005,402,1.0,1157.71,48,Yes
506,5/4/2025,1177,2072,404,2.0,1008.72,60,Yes
507,5/4/2025,1011,2009,403,0.0,0,47,No
508,5/4/2025,1045,2040,401,1.0,31.09,97,Yes
509,5/4/2025,1150,2018,404,0.0,1084.52,43,Yes
510,5/4/2025,1076,2020,402,3.0,2254.98,45,No
511,5/4/2025,1173,2069,403,3.0,232.39,64,Yes
512,5/4/2025,1193,2094,402,0.0,1480.05,43,No
513,5/4/2025,1128,2095,403,0.0,0,19,Yes
514,5/4/2025,1025,2055,402,0.0,107.88,27,Yes
515,5/4/2025,1087,2077,404,2.0,449.46,3,No
516,5/4/2025,1007,2081,403,3.0,746.22,71,Yes
517,5/4/2025,1125,2029,403,3.0,40.53,18,No
518,5/4/2025,1110,2023,404,0.0,1879.08,2,Yes
519,5/4/2025,1197,2079,403,1.0,855.49,21,No
520,5/4/2025,1182,2009,401,2.0,53.05,44,No
521,5/4/2025,1039,2048,402,3.0,357.63,97,No
522,5/4/2025,1081,2046,401,0.0,33.43,93,No
523,5/4/2025,1001,2039,404,2.0,2343.46,77,No
524,5/4/2025,1194,2034,401,1.0,245.11,13,Yes
525,5/4/2025,1022,2023,404,3.0,5637.24,91,Yes
526,5/4/2025,1142,2071,404,0.0,615.16,40,No
527,5/4/2025,1006,2011,403,0.0,1229.22,75,Yes
528,5/4/2025,1152,2076,403,3.0,2418.21,78,Yes
529,5/4/2025,1003,2037,404,3.0,1440.56,7,Yes
530,5/4/2025,1199,2010,402,1.0,210.17,42,Yes
531,5/4/2025,1175,2048,402,1.0,965.6,73,No
532,5/4/2025,1068,2038,403,3.0,0,43,Yes
533,5/4/2025,1037,2008,402,3.0,266.36,6,Yes
534,5/4/2025,1070,2053,403,3.0,1830.45,15,Yes
535,5/4/2025,1005,2009,403,2.0,53.05,10,No
536,5/4/2025,1063,2092,404,1.0,867.98,31,Yes
537,5/4/2025,1117,2013,402,2.0,2244.86,85,Yes
538,5/4/2025,1001,2050,403,3.0,0,58,Yes
539,5/4/2025,1084,2056,403,3.0,1574.16,27,Yes
540,5/4/2025,1166,2076,402,2.0,0,87,Yes
541,5/4/2025,1082,2077,402,3.0,0,20,No
542,5/4/2025,1080,2022,404,2.0,1073.89,92,No
543,5/4/2025,1074,2094,404,1.0,444.02,45,No
544,5/4/2025,1083,2048,403,3.0,0,38,No
545,5/4/2025,1093,2014,402,1.0,221.67,70,No
546,5/4/2025,1174,2098,401,3.0,2723.58,95,No
547,5/4/2025,1181,2026,404,2.0,507.74,53,No
548,5/4/2025,1177,2008,404,3.0,332.95,77,No
549,5/4/2025,1035,2081,403,1.0,1343.2,77,Yes
550,5/4/2025,1064,2084,402,3.0,845.55,44,No
551,5/4/2025,1096,2009,404,3.0,198.93,95,No
552,5/4/2025,1149,2051,404,0.0,0,50,Yes
553,5/4/2025,1092,2089,401,0.0,827.04,28,Yes
554,5/4/2025,1196,2031,403,1.0,1526.31,52,Yes
555,5/4/2025,1165,2078,401,3.0,142.01,99,Yes
556,5/4/2025,1192,2042,404,0.0,1005.66,2,No
557,5/4/2025,1002,2012,403,1.0,560.87,17,No
558,5/4/2025,1130,2095,402,3.0,1963.16,20,Yes
559,5/4/2025,1095,2050,404,1.0,168.1,48,No
560,5/4/2025,1088,2003,404,0.0,385.18,73,Yes
561,5/4/2025,1075,2053,401,0.0,1830.45,42,No
562,5/4/2025,1186,2018,403,2.0,1301.42,90,Yes
563,5/4/2025,1087,2058,402,3.0,2667,3,No
564,5/4/2025,1089,2060,401,3.0,408.38,13,Yes
565,5/4/2025,1184,2089,404,2.0,1984.9,73,Yes
566,5/4/2025,1017,2038,401,0.0,0,41,No
567,5/4/2025,1005,2043,401,1.0,786.1,35,Yes
568,5/4/2025,1189,2031,402,1.0,2035.08,52,Yes
569,5/4/2025,1084,2071,404,3.0,0,67,Yes
570,5/4/2025,1059,2051,402,1.0,527.94,44,No
571,5/4/2025,1163,2084,404,3.0,845.55,16,Yes
572,5/4/2025,1007,2094,402,3.0,493.35,53,No
573,5/4/2025,1151,2054,404,0.0,0,46,Yes
574,5/4/2025,1180,2027,402,2.0,0,49,Yes
575,5/4/2025,1192,2090,401,0.0,286.56,88,No
576,5/4/2025,1137,2023,403,2.0,1503.26,67,No
577,5/4/2025,1050,2058,401,2.0,1066.8,55,Yes
578,5/4/2025,1171,2062,403,3.0,619.36,8,No
579,5/4/2025,1156,2050,401,2.0,0,80,No
580,5/4/2025,1090,2058,402,2.0,1066.8,29,No
581,5/4/2025,1157,2075,401,1.0,702.58,76,Yes
582,5/4/2025,1080,2015,402,2.0,1619.93,88,No
583,5/4/2025,1029,2023,403,1.0,0,10,No
584,5/4/2025,1130,2049,404,1.0,845.86,84,No
585,5/4/2025,1147,2049,404,1.0,845.86,49,No
586,5/4/2025,1124,2081,402,1.0,2686.39,33,No
587,5/4/2025,1125,2036,402,1.0,588.55,87,Yes
588,5/4/2025,1080,2057,401,2.0,699.17,91,No
589,5/4/2025,1002,2062,402,1.0,1114.85,12,No
590,5/4/2025,1098,2071,404,3.0,1845.48,94,No
591,5/4/2025,1175,2062,404,3.0,1858.08,36,Yes
592,5/4/2025,1125,2021,401,0.0,1670.82,15,Yes
593,5/4/2025,1194,2028,403,0.0,637.94,42,Yes
594,5/4/2025,1070,2028,403,1.0,0,40,No
595,5/4/2025,1199,2058,404,0.0,2667,5,Yes
596,5/4/2025,1146,2014,403,2.0,0,32,No
597,5/4/2025,1138,2096,401,3.0,2688.72,44,Yes
598,5/4/2025,1139,2027,404,0.0,258.61,11,Yes
599,5/4/2025,1188,2083,402,2.0,1229.06,33,Yes
600,5/4/2025,1008,2057,403,2.0,699.17,19,Yes
601,5/4/2025,1022,2056,401,1.0,2361.24,34,Yes
602,5/4/2025,1053,2094,403,3.0,493.35,33,No
603,5/4/2025,1042,2078,402,1.0,127.81,89,Yes
604,5/4/2025,1052,2007,403,2.0,2333.56,91,Yes
605,5/4/2025,1152,2068,402,2.0,656.19,93,No
606,5/4/2025,1180,2037,403,2.0,288.11,78,Yes
607,5/4/2025,1131,2086,401,1.0,2414.07,28,No
608,5/4/2025,1192,2052,401,2.0,0,42,No
609,5/4/2025,1167,2016,402,1.0,290.72,51,No
610,5/4/2025,1037,2091,403,1.0,0,54,Yes
611,5/4/2025,1194,2086,404,3.0,0,77,Yes
612,5/4/2025,1036,2073,403,3.0,1997.72,48,No
613,5/4/2025,1096,2057,401,0.0,1310.94,8,Yes
614,5/4/2025,1103,2065,403,2.0,376.27,15,Yes
615,5/4/2025,1116,2062,403,0.0,1238.72,55,No
616,5/4/2025,1198,2093,401,3.0,0,80,Yes
617,5/4/2025,1162,2085,403,0.0,0,72,No
618,5/4/2025,1136,2050,402,3.0,933.9,47,Yes
619,5/4/2025,1054,2063,403,2.0,441.97,75,No
620,5/4/2025,1072,2043,402,3.0,4367.25,74,Yes
621,5/4/2025,1087,2087,401,0.0,637.28,94,Yes
622,5/4/2025,1025,2080,404,0.0,3329.04,2,No
623,5/4/2025,1031,2020,404,3.0,1127.49,34,No
624,5/4/2025,1000,2054,402,1.0,1620.92,36,Yes
625,5/4/2025,1166,2038,402,2.0,2223.62,80,Yes
626,5/4/2025,1023,2083,403,2.0,1229.06,86,No
627,5/4/2025,1021,2047,402,0.0,1674.9,93,Yes
628,5/4/2025,1101,2080,403,1.0,3745.17,34,No
629,5/4/2025,1109,2083,401,0.0,768.16,6,Yes
630,5/4/2025,1000,2027,404,0.0,517.22,17,Yes
631,5/4/2025,1033,2075,402,3.0,780.64,27,Yes
632,5/4/2025,1002,2001,403,0.0,824.7,60,No
633,5/4/2025,1108,2088,402,3.0,3546.75,13,Yes
634,5/4/2025,1018,2029,404,0.0,27.02,72,Yes
635,5/4/2025,1187,2013,401,2.0,2993.15,72,No
636,5/4/2025,1094,2038,402,3.0,926.51,67,Yes
637,5/4/2025,1198,2096,402,1.0,1814.89,74,Yes
638,5/4/2025,1017,2067,401,1.0,523.71,87,No
639,5/4/2025,1112,2044,402,1.0,560.47,42,No
640,5/4/2025,1105,2078,404,1.0,383.43,0,Yes
641,5/4/2025,1022,2012,402,0.0,623.19,82,Yes
642,5/4/2025,1150,2093,404,2.0,1814.26,34,No
643,5/4/2025,1109,2040,402,1.0,31.09,20,No
644,5/4/2025,1070,2082,401,1.0,719.82,24,No
645,5/4/2025,1141,2076,403,0.0,3224.28,54,Yes
646,5/4/2025,1168,2038,402,1.0,1667.72,27,No
647,5/4/2025,1191,2050,403,0.0,560.34,45,Yes
648,5/4/2025,1005,2030,404,3.0,679.88,80,Yes
649,5/4/2025,1028,2030,404,0.0,509.91,86,No
650,5/4/2025,1135,2001,403,2.0,989.64,11,Yes
651,5/4/2025,1033,2049,404,2.0,751.87,81,Yes
652,5/4/2025,1139,2087,402,3.0,0,80,No
653,5/4/2025,1197,2009,401,0.0,265.24,35,No
654,5/4/2025,1003,2033,402,0.0,836.25,19,No
655,5/4/2025,1015,2050,403,3.0,560.34,61,Yes
656,5/4/2025,1108,2089,404,0.0,413.52,63,No
657,5/4/2025,1163,2068,402,2.0,3280.96,30,No
658,5/4/2025,1021,2039,401,1.0,878.8,96,No
659,5/4/2025,1039,2068,403,3.0,2460.72,38,Yes
660,5/4/2025,1150,2081,401,2.0,1193.95,70,No
661,5/4/2025,1178,2055,402,0.0,53.94,50,No
662,5/4/2025,1062,2011,404,0.0,0,22,No
663,5/4/2025,1116,2078,401,2.0,0,23,Yes
664,5/4/2025,1170,2094,402,0.0,986.7,25,No
665,5/4/2025,1003,2090,402,0.0,143.28,73,Yes
666,5/4/2025,1041,2063,403,2.0,1325.9,98,No
667,5/4/2025,1042,2047,402,2.0,803.95,77,No
668,5/4/2025,1187,2015,401,2.0,0,85,Yes
669,5/4/2025,1109,2034,401,2.0,326.81,13,Yes
670,5/4/2025,1182,2073,401,3.0,499.43,62,No
671,5/4/2025,1116,2065,403,0.0,470.34,50,No
672,5/4/2025,1127,2072,402,2.0,1008.72,29,No
673,5/4/2025,1040,2032,401,0.0,0,94,Yes
674,5/4/2025,1058,2094,401,0.0,493.35,83,No
675,5/4/2025,1003,2031,401,3.0,1695.9,91,No
676,5/4/2025,1093,2049,402,1.0,1691.71,100,No
677,5/4/2025,1009,2070,404,1.0,30.76,58,Yes
678,5/4/2025,1082,2031,404,2.0,452.24,69,No
679,5/4/2025,1069,2009,403,0.0,0,34,No
680,5/4/2025,1128,2086,401,1.0,804.69,28,Yes
681,5/4/2025,1057,2066,401,3.0,1548.18,54,No
682,5/4/2025,1017,2059,403,2.0,409.64,63,Yes
683,5/4/2025,1083,2011,404,0.0,1638.96,24,Yes
684,5/4/2025,1094,2025,403,2.0,223.7,18,No
685,5/4/2025,1189,2079,402,3.0,3802.16,84,Yes
686,5/4/2025,1094,2075,404,1.0,702.58,62,Yes
687,5/4/2025,1187,2069,402,1.0,627.45,73,Yes
688,5/4/2025,1001,2052,401,1.0,0,27,Yes
689,5/4/2025,1138,2044,401,2.0,166.06,24,No
690,5/4/2025,1000,2097,404,2.0,1347.36,12,No
691,5/4/2025,1026,2026,402,3.0,211.56,60,Yes
692,5/4/2025,1125,2007,402,2.0,933.42,3,Yes
693,5/4/2025,1023,2005,402,3.0,1286.34,37,Yes
694,5/4/2025,1179,2047,404,0.0,669.96,95,No
695,5/4/2025,1148,2012,402,3.0,3115.95,47,Yes
696,5/4/2025,1019,2075,401,3.0,2341.92,97,No
697,5/4/2025,1169,2016,402,2.0,775.25,64,Yes
698,5/4/2025,1066,2040,404,2.0,55.26,79,Yes
699,5/4/2025,1081,2057,403,1.0,393.28,33,Yes
700,5/4/2025,1019,2025,402,0.0,559.24,82,Yes
701,5/4/2025,1039,2013,402,3.0,4676.8,27,Yes
702,5/4/2025,1119,2040,404,0.0,69.08,59,Yes
703,5/4/2025,1137,2045,402,3.0,0,87,No
704,5/4/2025,1078,2059,403,0.0,1536.15,97,Yes
705,5/4/2025,1023,2020,403,0.0,0,96,No
706,5/4/2025,1055,2041,402,0.0,4021.05,100,No
707,5/4/2025,1182,2031,403,3.0,1695.9,68,Yes
708,5/4/2025,1131,2006,403,2.0,475.2,46,No
709,5/4/2025,1044,2003,404,3.0,1155.54,53,No
710,5/4/2025,1142,2095,402,0.0,2453.95,56,No
711,5/4/2025,1118,2013,402,0.0,1870.72,15,Yes
712,5/4/2025,1003,2007,402,1.0,1050.1,46,Yes
713,5/4/2025,1050,2051,403,0.0,117.32,65,Yes
714,5/4/2025,1149,2075,403,0.0,780.64,8,Yes
715,5/4/2025,1005,2008,402,3.0,466.13,9,No
716,5/4/2025,1032,2011,403,0.0,409.74,96,No
717,5/4/2025,1010,2059,401,1.0,921.69,7,No
718,5/4/2025,1146,2055,404,3.0,0,91,Yes
719,5/4/2025,1007,2048,404,1.0,1287.47,49,No
720,5/4/2025,1090,2027,402,2.0,413.78,57,No
721,5/4/2025,1071,2057,402,0.0,1310.94,5,No
722,5/4/2025,1157,2079,402,2.0,2281.3,3,No
723,5/4/2025,1127,2052,404,0.0,2193.78,66,Yes
724,5/4/2025,1022,2035,404,1.0,1619.98,41,Yes
725,5/4/2025,1107,2025,402,0.0,279.62,48,No
726,5/4/2025,1097,2091,403,3.0,2717.37,92,Yes
727,5/4/2025,1139,2062,403,2.0,1486.46,81,No
728,5/4/2025,1099,2034,402,0.0,408.51,64,Yes
729,5/4/2025,1081,2076,402,0.0,2418.21,88,No
730,5/4/2025,1199,2035,401,3.0,2699.97,2,No
731,5/4/2025,1135,2045,402,1.0,842.78,94,Yes
732,5/4/2025,1025,2031,402,2.0,904.48,81,No
733,5/4/2025,1136,2094,401,1.0,0,28,Yes
734,5/4/2025,1147,2049,403,1.0,3383.42,100,Yes
735,5/4/2025,1045,2030,403,2.0,407.93,50,Yes
736,5/4/2025,1151,2003,403,1.0,693.32,55,Yes
737,5/4/2025,1144,2024,404,2.0,298.25,73,Yes
738,5/4/2025,1044,2062,401,0.0,1238.72,27,Yes
739,5/4/2025,1014,2029,402,0.0,13.51,57,Yes
740,5/4/2025,1134,2061,401,2.0,639.74,13,Yes
741,5/4/2025,1157,2025,402,2.0,671.09,6,Yes
742,5/4/2025,1183,2022,403,0.0,2684.72,15,No
743,5/4/2025,1005,2018,402,0.0,542.26,49,Yes
744,5/4/2025,1134,2046,401,2.0,53.49,1,No
745,5/4/2025,1180,2084,404,0.0,281.85,13,Yes
746,5/4/2025,1086,2038,403,1.0,1667.72,63,Yes
747,5/4/2025,1040,2093,404,3.0,755.94,79,Yes
748,5/4/2025,1166,2040,402,2.0,27.63,56,No
749,5/4/2025,1057,2085,402,3.0,1452.9,14,No
750,5/4/2025,1078,2093,403,1.0,0,93,No
751,5/4/2025,1045,2093,401,3.0,2267.82,12,Yes
752,5/4/2025,1197,2072,401,1.0,1513.08,3,No
753,5/4/2025,1154,2040,402,0.0,69.08,59,Yes
754,5/4/2025,1127,2018,403,0.0,0,11,Yes
755,5/4/2025,1060,2044,403,1.0,934.11,31,No
756,5/4/2025,1162,2011,403,3.0,1229.22,92,Yes
757,5/4/2025,1002,2033,402,1.0,3010.5,46,No
758,5/4/2025,1177,2008,403,2.0,159.82,5,No
759,5/4/2025,1027,2092,401,0.0,482.21,59,Yes
760,5/4/2025,1098,2056,404,1.0,944.5,19,No
761,5/4/2025,1105,2063,404,2.0,2209.84,11,Yes
762,5/4/2025,1139,2048,401,3.0,357.63,69,No
763,5/4/2025,1147,2083,402,1.0,691.34,67,Yes
764,5/4/2025,1115,2009,401,2.0,53.05,49,No
765,5/4/2025,1005,2040,403,0.0,103.62,15,No
766,5/4/2025,1018,2043,402,3.0,2620.35,33,Yes
767,5/4/2025,1041,2093,401,0.0,755.94,71,Yes
768,5/4/2025,1086,2076,404,0.0,0,71,No
769,5/4/2025,1110,2083,402,3.0,768.16,51,No
770,5/4/2025,1040,2006,401,2.0,0,52,Yes
771,5/4/2025,1052,2024,404,2.0,298.25,43,Yes
772,5/4/2025,1169,2036,403,1.0,392.36,63,No
773,5/4/2025,1024,2006,404,3.0,0,37,No
774,5/4/2025,1039,2006,403,0.0,198,41,No
775,5/4/2025,1109,2011,403,3.0,1638.96,15,Yes
776,5/4/2025,1051,2012,401,1.0,1121.74,7,No
777,5/4/2025,1043,2081,403,0.0,746.22,30,Yes
778,5/4/2025,1121,2014,403,3.0,985.2,49,Yes
779,5/4/2025,1120,2062,403,0.0,2477.44,60,No
780,5/4/2025,1164,2069,404,1.0,0,65,No
781,5/4/2025,1094,2048,403,1.0,321.87,39,No
782,5/4/2025,1114,2005,403,3.0,428.78,70,Yes
783,5/4/2025,1119,2033,402,2.0,1338,0,No
784,5/4/2025,1144,2007,402,0.0,1166.78,42,Yes
785,5/4/2025,1021,2085,403,3.0,0,11,No
786,5/4/2025,1193,2075,402,0.0,1561.28,50,Yes
787,5/4/2025,1099,2066,404,3.0,0,96,Yes
788,5/4/2025,1146,2030,404,2.0,543.9,3,No
789,5/4/2025,1020,2050,401,1.0,168.1,23,No
790,5/4/2025,1030,2096,404,1.0,3024.81,47,No
791,5/4/2025,1042,2027,402,1.0,232.75,6,Yes
792,5/4/2025,1010,2054,401,3.0,900.51,39,Yes
793,5/4/2025,1051,2080,402,2.0,0,18,Yes
794,5/4/2025,1081,2093,401,0.0,755.94,10,No
795,5/4/2025,1099,2071,404,2.0,984.26,70,Yes
796,5/4/2025,1070,2066,404,0.0,0,97,No
797,5/4/2025,1179,2079,404,0.0,2851.62,4,Yes
798,5/4/2025,1106,2019,402,0.0,3735.72,40,No
799,5/4/2025,1027,2072,401,2.0,672.48,62,No
800,5/4/2025,1137,2044,404,2.0,830.32,90,Yes
801,5/4/2025,1098,2083,404,3.0,2304.48,5,Yes
802,5/4/2025,1009,2022,403,3.0,2684.72,64,Yes
803,5/4/2025,1036,2079,404,0.0,950.54,83,Yes
804,5/4/2025,1101,2042,402,0.0,335.22,15,No
805,5/4/2025,1190,2060,403,2.0,0,51,No
806,5/4/2025,1005,2043,403,2.0,2096.28,36,No
807,5/4/2025,1071,2062,401,1.0,557.42,48,No
808,5/4/2025,1034,2038,404,2.0,2223.62,15,No
809,5/4/2025,1068,2093,404,0.0,2267.82,16,No
810,5/4/2025,1048,2056,402,3.0,524.72,23,Yes
811,5/4/2025,1189,2062,403,0.0,1858.08,88,Yes
812,5/4/2025,1131,2020,401,2.0,0,82,Yes
813,5/4/2025,1181,2064,404,1.0,264.64,48,Yes
814,5/4/2025,1199,2067,401,1.0,0,84,No
815,5/4/2025,1049,2025,401,1.0,503.32,22,No
816,5/4/2025,1008,2058,401,2.0,533.4,35,No
817,5/4/2025,1180,2025,403,2.0,894.78,70,No
818,5/4/2025,1118,2064,404,0.0,882.12,55,No
819,5/4/2025,1174,2003,402,2.0,308.14,33,No
820,5/4/2025,1125,2076,404,1.0,725.46,26,Yes
821,5/4/2025,1121,2075,403,2.0,2498.05,40,Yes
822,5/4/2025,1041,2033,401,2.0,669,64,Yes
823,5/4/2025,1007,2049,401,1.0,845.86,38,Yes
824,5/4/2025,1146,2099,402,1.0,581.69,70,Yes
825,5/4/2025,1165,2028,402,2.0,1531.06,13,Yes
826,5/4/2025,1166,2052,401,0.0,731.26,22,Yes
827,5/4/2025,1121,2016,402,0.0,646.04,32,Yes
828,5/4/2025,1057,2032,403,2.0,3782.4,77,No
829,5/4/2025,1108,2048,403,3.0,357.63,35,No
830,5/4/2025,1064,2027,404,2.0,413.78,95,Yes
831,5/4/2025,1173,2066,404,0.0,2580.3,48,Yes
832,5/4/2025,1001,2065,403,2.0,376.27,1,Yes
833,5/4/2025,1076,2087,401,3.0,796.6,25,Yes
834,5/4/2025,1016,2043,403,2.0,2795.04,66,Yes
835,5/4/2025,1070,2033,403,1.0,752.62,49,Yes
836,5/4/2025,1038,2066,402,0.0,1032.12,8,Yes
837,5/4/2025,1153,2051,403,1.0,316.76,36,Yes
838,5/4/2025,1184,2003,404,2.0,1848.86,79,No
839,5/4/2025,1066,2053,404,3.0,0,90,No
840,5/4/2025,1188,2004,402,2.0,2967.2,92,Yes
841,5/4/2025,1185,2091,402,3.0,3623.16,8,Yes
842,5/4/2025,1171,2045,403,1.0,280.93,8,No
843,5/4/2025,1168,2071,402,2.0,1968.51,23,No
844,5/4/2025,1024,2060,402,2.0,326.7,49,Yes
845,5/4/2025,1185,2071,402,2.0,984.26,67,Yes
846,5/4/2025,1167,2011,402,2.0,327.79,20,Yes
847,5/4/2025,1057,2095,403,3.0,2453.95,0,No
848,5/4/2025,1084,2047,403,2.0,803.95,96,Yes
849,5/4/2025,1118,2015,404,0.0,4049.82,14,No
850,5/4/2025,1162,2074,401,3.0,659.5,73,Yes
851,5/4/2025,1049,2064,401,3.0,882.12,91,No
852,5/4/2025,1135,2038,404,0.0,926.51,69,No
853,5/4/2025,1038,2017,402,2.0,741.92,20,No
854,5/4/2025,1104,2072,404,1.0,1134.81,29,Yes
855,5/4/2025,1080,2091,402,0.0,2717.37,2,No
856,5/4/2025,1124,2042,402,2.0,0,64,No
857,5/4/2025,1162,2007,401,3.0,583.39,27,No
858,5/4/2025,1070,2026,402,1.0,190.4,32,Yes
859,5/4/2025,1125,2097,401,1.0,3031.56,80,Yes
860,5/4/2025,1157,2055,404,3.0,53.94,64,No
861,5/4/2025,1109,2061,404,0.0,799.68,43,Yes
862,5/4/2025,1009,2068,402,2.0,0,53,Yes
863,5/4/2025,1003,2041,402,0.0,2412.63,51,Yes
864,5/4/2025,1173,2000,402,1.0,872.38,86,Yes
865,5/4/2025,1177,2044,403,1.0,373.64,86,Yes
866,5/4/2025,1026,2049,403,1.0,3383.42,58,Yes
867,5/4/2025,1016,2005,403,2.0,686.05,91,Yes
868,5/4/2025,1116,2093,403,3.0,755.94,92,No
869,5/4/2025,1175,2017,403,3.0,463.7,3,No
870,5/4/2025,1091,2096,402,1.0,1209.92,86,No
871,5/4/2025,1103,2002,402,1.0,779.4,43,No
872,5/4/2025,1186,2016,402,0.0,646.04,80,No
873,5/4/2025,1150,2064,402,0.0,294.04,89,No
874,5/4/2025,1093,2091,401,3.0,2717.37,85,No
875,5/4/2025,1163,2032,401,0.0,0,2,No
876,5/4/2025,1169,2013,401,0.0,935.36,91,No
877,5/4/2025,1176,2014,404,3.0,1231.5,85,No
878,5/4/2025,1097,2015,403,3.0,2699.88,92,No
879,5/4/2025,1179,2019,402,0.0,1867.86,36,No
880,5/4/2025,1077,2053,401,2.0,976.24,77,Yes
881,5/4/2025,1159,2077,402,3.0,561.83,55,Yes
882,5/4/2025,1026,2065,401,2.0,1881.36,62,Yes
883,5/4/2025,1029,2013,404,1.0,0,28,Yes
884,5/4/2025,1155,2025,403,1.0,503.32,55,Yes
885,5/4/2025,1091,2090,404,2.0,171.94,9,No
886,5/4/2025,1041,2005,404,1.0,385.9,49,Yes
887,5/4/2025,1176,2061,403,1.0,359.86,58,No
888,5/4/2025,1000,2001,401,0.0,1649.4,97,No
889,5/4/2025,1146,2085,404,1.0,653.81,54,No
890,5/4/2025,1023,2099,401,0.0,1292.64,88,No
891,5/4/2025,1065,2082,402,3.0,266.6,71,No
892,5/4/2025,1075,2033,404,0.0,2508.75,80,No
893,5/4/2025,1025,2022,401,2.0,1073.89,66,Yes
894,5/4/2025,1092,2086,403,3.0,894.1,10,No
895,5/4/2025,1189,2014,401,0.0,0,2,No
896,5/4/2025,1002,2017,402,2.0,0,86,Yes
897,5/4/2025,1091,2056,403,0.0,1049.44,44,Yes
898,5/4/2025,1095,2043,402,0.0,0,34,Yes
899,5/4/2025,1102,2051,404,2.0,93.86,47,No
900,5/4/2025,1098,2088,404,3.0,0,55,No
901,5/4/2025,1166,2021,401,1.0,0,65,No
902,5/4/2025,1178,2092,401,1.0,867.98,61,No
903,5/4/2025,1026,2053,404,3.0,1830.45,63,No
904,5/4/2025,1046,2078,404,2.0,454.43,58,Yes
905,5/4/2025,1156,2003,402,3.0,1925.9,84,Yes
906,5/4/2025,1124,2014,404,3.0,0,42,No
907,5/4/2025,1011,2008,403,2.0,106.54,74,No
908,5/4/2025,1003,2090,402,2.0,57.31,61,Yes
909,5/4/2025,1132,2066,401,3.0,1548.18,82,Yes
910,5/4/2025,1169,2093,402,3.0,755.94,32,Yes
911,5/4/2025,1088,2084,404,1.0,0,68,No
912,5/4/2025,1142,2078,401,0.0,568.04,10,Yes
913,5/4/2025,1164,2020,404,3.0,1879.15,73,No
914,5/4/2025,1042,2009,404,2.0,53.05,62,No
915,5/4/2025,1061,2042,403,0.0,167.61,17,Yes
916,5/4/2025,1129,2028,404,3.0,2551.76,37,Yes
917,5/4/2025,1060,2010,404,3.0,544.88,50,Yes
918,5/4/2025,1146,2057,401,3.0,436.98,98,No
919,5/4/2025,1114,2040,401,3.0,34.54,46,No
920,5/4/2025,1190,2083,401,0.0,2304.48,87,No
921,5/4/2025,1103,2052,401,0.0,2193.78,57,No
922,5/4/2025,1023,2077,403,1.0,505.65,52,No
923,5/4/2025,1167,2085,404,2.0,387.44,76,No
924,5/4/2025,1093,2006,402,3.0,594,47,No
925,5/4/2025,1084,2071,404,2.0,492.13,35,Yes
926,5/4/2025,1183,2057,401,0.0,873.96,80,No
927,5/4/2025,1194,2084,402,0.0,563.7,26,No
928,5/4/2025,1087,2045,403,2.0,499.42,99,No
929,5/4/2025,1179,2013,401,1.0,1683.65,50,Yes
930,5/4/2025,1126,2017,404,0.0,927.4,67,No
931,5/4/2025,1065,2078,402,1.0,127.81,45,Yes
932,5/4/2025,1030,2050,402,3.0,186.78,42,No
933,5/4/2025,1005,2024,403,0.0,621.35,69,Yes
934,5/4/2025,1193,2053,401,0.0,1830.45,63,Yes
935,5/4/2025,1197,2057,404,1.0,1179.85,97,Yes
936,5/4/2025,1127,2000,401,3.0,969.31,72,No
937,5/4/2025,1149,2061,402,1.0,359.86,42,Yes
938,5/4/2025,1187,2016,401,3.0,2584.16,98,No
939,5/4/2025,1168,2076,403,3.0,2418.21,87,Yes
940,5/4/2025,1107,2077,402,2.0,898.93,3,No
941,5/4/2025,1101,2043,403,3.0,3493.8,81,Yes
942,5/4/2025,1034,2017,404,2.0,0,32,No
943,5/4/2025,1179,2070,403,1.0,61.52,54,No
944,5/4/2025,1051,2026,403,2.0,338.5,7,Yes
945,5/4/2025,1172,2016,402,2.0,516.83,17,Yes
946,5/4/2025,1181,2014,403,3.0,246.3,42,No
947,5/4/2025,1149,2073,404,2.0,799.09,70,Yes
948,5/4/2025,1108,2001,401,0.0,412.35,23,No
949,5/4/2025,1097,2018,401,0.0,1084.52,5,Yes
950,5/4/2025,1051,2034,402,2.0,217.87,93,No
951,5/4/2025,1174,2032,402,0.0,4728,64,Yes
952,5/4/2025,1176,2037,402,0.0,720.28,1,No
953,5/4/2025,1091,2057,401,1.0,786.56,41,No
954,5/4/2025,1190,2082,404,1.0,239.94,21,Yes
955,5/4/2025,1130,2089,403,0.0,413.52,61,Yes
956,5/4/2025,1097,2049,404,2.0,0,100,No
957,5/4/2025,1141,2006,401,2.0,0,94,No
958,5/4/2025,1051,2079,404,1.0,1710.97,55,Yes
959,5/4/2025,1162,2090,403,1.0,257.9,54,Yes
960,5/4/2025,1198,2092,402,2.0,771.54,63,Yes
961,5/4/2025,1114,2022,401,1.0,3020.31,28,Yes
962,5/4/2025,1044,2094,401,3.0,493.35,2,No
963,5/4/2025,1010,2054,403,2.0,720.41,89,No
964,5/4/2025,1033,2020,403,0.0,751.66,89,Yes
965,5/4/2025,1084,2059,402,0.0,0,88,Yes
966,5/4/2025,1039,2041,401,2.0,0,41,No
967,5/4/2025,1125,2073,403,0.0,1997.72,13,No
968,5/4/2025,1005,2090,403,1.0,193.43,38,Yes
969,5/4/2025,1047,2066,401,1.0,464.45,45,Yes
970,5/4/2025,1106,2069,404,0.0,464.78,69,No
971,5/4/2025,1089,2028,402,2.0,0,83,No
972,5/4/2025,1084,2046,403,1.0,0,69,No
973,5/4/2025,1192,2079,404,0.0,950.54,17,No
974,5/4/2025,1029,2085,403,3.0,726.45,99,No
975,5/4/2025,1061,2082,402,0.0,533.2,54,No
976,5/4/2025,1174,2041,404,0.0,804.21,18,Yes
977,5/4/2025,1098,2032,403,0.0,0,49,Yes
978,5/4/2025,1132,2098,403,3.0,3631.44,35,Yes
979,5/4/2025,1124,2005,403,1.0,1157.71,59,Yes
980,5/4/2025,1082,2065,401,0.0,1411.02,28,No
981,5/4/2025,1042,2098,401,0.0,4539.3,13,Yes
982,5/4/2025,1053,2085,402,3.0,726.45,45,No
983,5/4/2025,1026,2026,404,0.0,423.12,42,Yes
984,5/4/2025,1191,2087,402,0.0,477.96,15,No
985,5/4/2025,1117,2091,403,0.0,1811.58,82,No
986,5/4/2025,1022,2009,401,1.0,119.36,51,Yes
987,5/4/2025,1064,2071,401,1.0,1107.29,93,Yes
988,5/4/2025,1066,2052,404,3.0,5118.82,42,No
989,5/4/2025,1161,2051,404,2.0,375.42,13,Yes
990,5/4/2025,1004,2049,401,0.0,939.84,4,No
991,5/4/2025,1164,2092,401,0.0,2893.26,88,Yes
992,5/4/2025,1179,2009,403,0.0,66.31,76,Yes
993,5/4/2025,1074,2087,403,0.0,477.96,77,No
994,5/4/2025,1072,2097,404,3.0,842.1,10,Yes
995,5/4/2025,1101,2084,401,3.0,1127.4,4,No
996,5/4/2025,1040,2068,402,1.0,2952.86,94,Yes
997,5/4/2025,1191,2050,403,1.0,504.31,99,No
998,5/4/2025,1076,2086,403,0.0,2682.3,62,Yes
999,5/4/2025,1141,2071,402,0.0,1230.32,30,No
1000,5/4/2025,1010,2000,404,0.0,3877.24,92,Yes
1001,5/4/2025,1078,2026,403,1.0,761.62,9,No
1002,5/4/2025,1105,2082,402,1.0,239.94,38,Yes
1003,5/4/2025,1047,2028,403,1.0,1148.29,96,No
1004,5/4/2025,1029,2023,401,3.0,2818.62,50,Yes
1005,5/4/2025,1165,2070,401,2.0,54.69,79,No
1006,5/4/2025,1171,2008,403,0.0,133.18,51,Yes
1007,5/4/2025,1050,2092,404,2.0,771.54,42,Yes
1008,5/4/2025,1091,2016,402,0.0,1292.08,39,No
1009,5/4/2025,1072,2079,401,1.0,855.49,87,Yes
1010,5/4/2025,1081,2062,404,2.0,495.49,90,Yes
1011,5/4/2025,1157,2084,403,1.0,253.67,19,Yes
1012,5/4/2025,1144,2072,403,2.0,672.48,61,Yes
1013,5/4/2025,1109,2021,401,2.0,668.33,6,No
1014,5/4/2025,1063,2028,404,2.0,510.35,25,No
1015,5/4/2025,1092,2017,403,3.0,1854.8,86,Yes
1016,5/4/2025,1118,2057,403,2.0,699.17,44,Yes
1017,5/4/2025,1124,2070,401,1.0,30.76,19,Yes
1018,5/4/2025,1165,2077,401,2.0,449.46,1,Yes
1019,5/4/2025,1035,2068,402,2.0,1968.58,85,No
1020,5/4/2025,1187,2080,401,0.0,0,73,No
1021,5/4/2025,1004,2064,401,3.0,882.12,91,Yes
1022,5/4/2025,1196,2075,402,0.0,2341.92,86,Yes
1023,5/4/2025,1141,2033,404,1.0,0,51,No
1024,5/4/2025,1093,2050,402,2.0,448.27,34,Yes
1025,5/4/2025,1034,2059,401,3.0,1536.15,89,Yes
1026,5/4/2025,1093,2064,401,1.0,793.91,83,Yes
1027,5/4/2025,1157,2087,402,1.0,286.78,78,No
1028,5/4/2025,1114,2020,402,1.0,676.49,46,Yes
1029,5/4/2025,1188,2093,404,2.0,1814.26,74,No
1030,5/4/2025,1010,2028,404,1.0,1148.29,50,No
1031,5/4/2025,1016,2033,403,1.0,2257.88,95,No
1032,5/4/2025,1010,2085,402,2.0,387.44,76,No
1033,5/4/2025,1099,2060,404,0.0,0,41,No
1034,5/4/2025,1010,2083,403,0.0,768.16,67,No
1035,5/4/2025,1180,2066,403,2.0,1238.54,75,Yes
1036,5/4/2025,1148,2069,402,3.0,697.17,71,No
1037,5/4/2025,1167,2048,403,0.0,1072.89,44,Yes
1038,5/4/2025,1132,2032,404,1.0,851.04,30,No
1039,5/4/2025,1132,2051,403,2.0,187.71,21,No
1040,5/4/2025,1124,2061,401,1.0,0,65,No
1041,5/4/2025,1112,2021,402,0.0,835.41,87,Yes
1042,5/4/2025,1131,2082,403,1.0,239.94,39,Yes
1043,5/4/2025,1038,2023,402,2.0,0,88,No
1044,5/4/2025,1154,2091,401,1.0,3260.84,8,No
1045,5/4/2025,1106,2042,401,3.0,1173.27,78,No
1046,5/4/2025,1172,2061,404,1.0,719.71,60,Yes
1047,5/4/2025,1151,2020,404,0.0,1127.49,28,Yes
1048,5/4/2025,1062,2005,402,1.0,385.9,78,No
1049,5/4/2025,1034,2080,401,1.0,2996.14,60,No
1050,5/4/2025,1014,2021,403,1.0,1503.74,66,No
1051,5/4/2025,1132,2051,401,2.0,281.57,58,No
1052,5/4/2025,1021,2027,404,3.0,775.83,82,Yes
1053,5/4/2025,1123,2021,402,3.0,0,80,Yes
1054,5/4/2025,1153,2018,402,2.0,867.62,11,No
1055,5/4/2025,1042,2092,403,3.0,1446.63,49,No
1056,5/4/2025,1152,2075,401,1.0,2107.73,39,Yes
1057,5/4/2025,1096,2049,402,0.0,939.84,21,No
1058,5/4/2025,1004,2025,404,1.0,0,67,No
1059,5/4/2025,1155,2012,402,3.0,623.19,60,Yes
1060,5/4/2025,1157,2076,401,0.0,2418.21,20,Yes
1061,5/4/2025,1023,2061,402,0.0,199.92,97,No
1062,5/4/2025,1198,2086,404,3.0,894.1,78,Yes
1063,5/4/2025,1094,2005,404,1.0,771.8,53,Yes
1064,5/4/2025,1123,2098,404,2.0,3631.44,62,No
1065,5/4/2025,1150,2094,401,3.0,2466.75,7,Yes
1066,5/4/2025,1034,2032,404,1.0,1702.08,41,Yes
1067,5/4/2025,1021,2036,404,2.0,348.77,87,Yes
1068,5/4/2025,1048,2000,401,0.0,4846.55,3,No
1069,5/4/2025,1133,2000,404,1.0,872.38,94,Yes
1070,5/4/2025,1176,2040,404,2.0,55.26,81,Yes
1071,5/4/2025,1027,2019,404,2.0,747.14,82,No
1072,5/4/2025,1066,2068,404,2.0,1968.58,27,No
1073,5/4/2025,1156,2035,404,1.0,0,36,Yes
1074,5/4/2025,1105,2070,404,1.0,0,87,No
1075,5/4/2025,1094,2071,404,2.0,984.26,88,No
1076,5/4/2025,1078,2073,403,3.0,499.43,88,No
1077,5/4/2025,1188,2017,401,1.0,417.33,73,Yes
1078,5/4/2025,1114,2089,402,0.0,827.04,98,No
1079,5/4/2025,1054,2065,404,2.0,376.27,9,No
1080,5/4/2025,1140,2078,401,1.0,255.62,0,No
1081,5/4/2025,1099,2081,401,0.0,1492.44,96,Yes
1082,5/4/2025,1037,2060,404,0.0,1225.14,89,No
1083,5/4/2025,1016,2033,402,2.0,2007,24,No
1084,5/4/2025,1020,2077,401,3.0,561.83,77,No
1085,5/4/2025,1102,2078,403,0.0,142.01,67,No
1086,5/4/2025,1198,2022,404,3.0,671.18,95,No
1087,5/4/2025,1002,2025,403,1.0,503.32,26,No
1088,5/4/2025,1008,2076,402,1.0,1450.93,60,No
1089,5/4/2025,1172,2004,403,1.0,834.52,77,Yes
1090,5/4/2025,1167,2000,402,0.0,969.31,51,Yes
1091,5/4/2025,1070,2099,404,2.0,1551.17,67,Yes
1092,5/4/2025,1171,2050,404,1.0,168.1,70,Yes
1093,5/4/2025,1132,2001,401,0.0,2061.75,94,No
1094,5/4/2025,1140,2036,403,2.0,348.77,16,No
1095,5/4/2025,1070,2028,402,3.0,2551.76,88,Yes
1096,5/4/2025,1103,2073,401,2.0,0,90,No
1097,5/4/2025,1044,2052,401,0.0,2193.78,87,Yes
1098,5/4/2025,1128,2037,403,0.0,0,98,Yes
1099,5/4/2025,1131,2032,403,3.0,4728,91,Yes
1100,5/4/2025,1096,2072,404,1.0,378.27,32,No
1101,5/4/2025,1193,2043,404,3.0,2620.35,97,No
1102,5/4/2025,1150,2003,404,0.0,1155.54,82,No
1103,5/4/2025,1066,2008,404,1.0,59.93,61,No
1104,5/4/2025,1173,2089,402,2.0,0,61,Yes
1105,5/4/2025,1105,2045,401,2.0,499.42,50,No
1106,5/4/2025,1063,2036,401,3.0,653.94,28,No
1107,5/4/2025,1172,2095,403,0.0,981.58,50,No
1108,5/4/2025,1141,2022,404,2.0,0,27,Yes
1109,5/4/2025,1090,2027,403,1.0,698.25,50,No
1110,5/4/2025,1191,2087,402,3.0,955.92,63,No
1111,5/4/2025,1188,2025,402,1.0,251.66,9,Yes
1112,5/4/2025,1067,2026,402,1.0,380.81,87,No
1113,5/4/2025,1063,2079,403,1.0,1710.97,100,No
1114,5/4/2025,1199,2013,401,0.0,5612.16,74,No
1115,5/4/2025,1173,2084,404,0.0,281.85,2,Yes
1116,5/4/2025,1195,2069,401,3.0,697.17,84,No
1117,5/4/2025,1095,2079,403,3.0,950.54,30,Yes
1118,5/4/2025,1147,2035,404,1.0,809.99,63,Yes
1119,5/4/2025,1195,2065,403,3.0,1411.02,17,No
1120,5/4/2025,1056,2096,402,0.0,0,84,No
1121,5/4/2025,1134,2054,404,0.0,3602.04,100,Yes
1122,5/4/2025,1128,2044,404,1.0,373.64,75,Yes
1123,5/4/2025,1117,2015,404,2.0,1619.93,90,No
1124,5/4/2025,1176,2001,401,1.0,371.12,41,No
1125,5/4/2025,1097,2074,401,2.0,527.6,61,No
1126,5/4/2025,1092,2078,403,1.0,383.43,45,Yes
1127,5/4/2025,1140,2033,402,2.0,1338,76,No
1128,5/4/2025,1120,2078,403,2.0,227.22,21,Yes
1129,5/4/2025,1047,2063,404,1.0,0,4,No
1130,5/4/2025,1107,2089,403,2.0,330.82,88,Yes
1131,5/4/2025,1102,2035,404,1.0,1619.98,25,No
1132,5/4/2025,1146,2016,402,0.0,0,60,No
1133,5/4/2025,1184,2034,402,3.0,680.85,93,No
1134,5/4/2025,1097,2025,402,1.0,1258.29,72,No
1135,5/4/2025,1121,2001,402,3.0,0,96,No
1136,5/4/2025,1127,2017,403,3.0,0,78,Yes
1137,5/4/2025,1076,2032,401,3.0,6619.2,53,Yes
1138,5/4/2025,1025,2088,402,0.0,0,87,Yes
1139,5/4/2025,1055,2032,404,0.0,945.6,44,No
1140,5/4/2025,1115,2095,403,2.0,0,88,Yes
1141,5/4/2025,1092,2046,403,2.0,80.23,79,No
1142,5/4/2025,1005,2052,401,2.0,1170.02,89,Yes
1143,5/4/2025,1173,2077,402,1.0,1516.94,47,Yes
1144,5/4/2025,1199,2036,403,2.0,871.92,8,No
1145,5/4/2025,1172,2065,404,3.0,2822.04,30,Yes
1146,5/4/2025,1020,2048,403,3.0,1072.89,0,No
1147,5/4/2025,1161,2018,402,2.0,1301.42,62,No
1148,5/4/2025,1107,2080,404,0.0,4993.56,40,No
1149,5/4/2025,1020,2020,403,1.0,1014.74,36,Yes
1150,5/4/2025,1080,2040,403,2.0,55.26,85,No
1151,5/4/2025,1154,2082,404,2.0,639.84,24,No
1152,5/4/2025,1113,2099,403,3.0,646.32,97,No
1153,5/4/2025,1105,2021,402,0.0,835.41,66,No
1154,5/4/2025,1032,2093,402,2.0,2419.01,97,Yes
1155,5/4/2025,1190,2089,401,1.0,0,37,No
1156,5/4/2025,1042,2050,401,0.0,1120.68,75,Yes
1157,5/4/2025,1016,2060,401,0.0,816.76,86,Yes
1158,5/4/2025,1197,2050,401,0.0,560.34,38,Yes
1159,5/4/2025,1067,2079,402,0.0,1901.08,89,No
1160,5/4/2025,1167,2049,403,1.0,0,28,No
1161,5/4/2025,1063,2094,403,3.0,493.35,89,No
1162,5/4/2025,1160,2016,402,1.0,1162.87,19,Yes
1163,5/4/2025,1007,2004,403,2.0,2225.4,85,No
1164,5/4/2025,1121,2059,403,3.0,2048.2,18,Yes
1165,5/4/2025,1034,2089,402,3.0,2481.12,50,Yes
1166,5/4/2025,1161,2095,404,2.0,392.63,4,No
1167,5/4/2025,1088,2061,402,0.0,799.68,63,No
1168,5/4/2025,1113,2039,403,3.0,976.44,46,No
1169,5/4/2025,1066,2019,403,0.0,933.93,19,Yes
1170,5/4/2025,1000,2066,402,2.0,412.85,21,Yes
1171,5/4/2025,1073,2060,401,3.0,0,67,No
1172,5/4/2025,1193,2061,403,0.0,199.92,86,Yes
1173,5/4/2025,1196,2055,403,1.0,194.18,46,No
1174,5/4/2025,1001,2070,403,1.0,61.52,78,No
1175,5/4/2025,1105,2071,404,3.0,615.16,67,Yes
1176,5/4/2025,1063,2020,404,3.0,375.83,26,No
1177,5/4/2025,1056,2033,401,3.0,836.25,12,No
1178,5/4/2025,1160,2030,403,2.0,271.95,81,No
1179,5/4/2025,1166,2095,403,3.0,1472.37,62,No
1180,5/4/2025,1048,2008,402,1.0,0,77,Yes
1181,5/4/2025,1074,2014,404,3.0,738.9,17,No
1182,5/4/2025,1069,2089,404,1.0,372.17,37,Yes
1183,5/4/2025,1082,2002,402,0.0,1732,18,Yes
1184,5/4/2025,1136,2002,402,0.0,1732,7,No
1185,5/4/2025,1072,2034,402,3.0,0,47,No
1186,5/4/2025,1186,2001,402,0.0,824.7,40,No
1187,5/4/2025,1038,2001,404,1.0,0,70,Yes
1188,5/4/2025,1087,2053,403,3.0,2440.6,70,Yes
1189,5/4/2025,1095,2059,401,2.0,1638.56,93,No
1190,5/4/2025,1020,2096,402,0.0,2688.72,12,Yes
1191,5/4/2025,1068,2099,404,0.0,1938.96,57,Yes
1192,5/4/2025,1139,2060,402,1.0,1102.63,90,Yes
1193,5/4/2025,1064,2048,401,0.0,715.26,13,Yes
1194,5/4/2025,1196,2091,402,3.0,0,43,No
1195,5/4/2025,1197,2056,402,0.0,1049.44,72,Yes
1196,5/4/2025,1050,2058,401,1.0,1800.22,93,No
1197,5/4/2025,1121,2049,403,2.0,751.87,32,Yes
1198,5/4/2025,1040,2080,401,0.0,1664.52,10,No
1199,5/4/2025,1064,2061,403,1.0,179.93,82,No
1200,5/4/2025,1092,2006,402,0.0,198,33,Yes
1201,5/4/2025,1060,2081,404,2.0,1193.95,93,Yes
1202,5/4/2025,1003,2021,403,0.0,2506.23,71,Yes
1203,5/4/2025,1101,2031,401,0.0,1130.6,91,Yes
1204,5/4/2025,1148,2088,404,1.0,0,80,Yes
1205,5/4/2025,1095,2098,401,1.0,2451.22,8,Yes
1206,5/4/2025,1040,2063,401,2.0,883.94,3,No
1207,5/4/2025,1194,2080,401,0.0,1664.52,75,Yes
1208,5/4/2025,1091,2082,402,0.0,0,53,Yes
1209,5/4/2025,1032,2062,402,2.0,1981.95,10,Yes
1210,5/4/2025,1142,2082,403,3.0,799.8,20,No
1211,5/4/2025,1187,2024,401,3.0,372.81,70,No
1212,5/4/2025,1091,2092,402,2.0,385.77,44,No
1213,5/4/2025,1010,2062,404,2.0,990.98,84,Yes
1214,5/4/2025,1138,2089,404,1.0,744.34,43,Yes
1215,5/4/2025,1145,2023,403,2.0,1503.26,32,Yes
1216,5/4/2025,1187,2059,403,1.0,1843.38,9,Yes
1217,5/4/2025,1017,2067,402,3.0,0,18,No
1218,5/4/2025,1075,2033,403,3.0,836.25,45,Yes
1219,5/4/2025,1000,2099,404,1.0,2326.75,33,No
1220,5/4/2025,1004,2079,403,1.0,0,81,No
1221,5/4/2025,1082,2092,401,3.0,0,68,Yes
1222,5/4/2025,1048,2067,404,1.0,785.56,94,No
1223,5/4/2025,1156,2036,403,3.0,0,7,Yes
1224,5/4/2025,1164,2041,401,0.0,804.21,18,Yes
1225,5/4/2025,1133,2084,401,0.0,0,66,Yes
1226,5/4/2025,1033,2022,401,1.0,604.06,38,No
1227,5/4/2025,1027,2062,402,0.0,1238.72,80,No
1228,5/4/2025,1008,2073,404,3.0,1498.29,40,Yes
1229,5/4/2025,1134,2079,403,0.0,950.54,17,No
1230,5/4/2025,1093,2028,401,0.0,1275.88,30,No
1231,5/4/2025,1053,2083,404,0.0,2304.48,38,Yes
1232,5/4/2025,1119,2081,401,2.0,0,95,Yes
1233,5/4/2025,1142,2095,404,2.0,1177.9,68,No
1234,5/4/2025,1181,2007,403,0.0,583.39,44,Yes
1235,5/4/2025,1187,2009,403,0.0,265.24,5,Yes
1236,5/4/2025,1055,2066,401,0.0,2580.3,78,Yes
1237,5/4/2025,1185,2029,404,1.0,12.16,67,No
1238,5/4/2025,1049,2067,402,1.0,261.86,1,No
1239,5/4/2025,1142,2095,404,0.0,1963.16,4,No
1240,5/4/2025,1196,2081,403,3.0,746.22,31,Yes
1241,5/4/2025,1179,2085,404,0.0,242.15,99,No
1242,5/4/2025,1042,2023,404,2.0,2254.9,82,No
1243,5/4/2025,1168,2020,404,2.0,601.33,44,No
1244,5/4/2025,1080,2070,403,2.0,0,31,No
1245,5/4/2025,1105,2097,404,2.0,673.68,97,Yes
1246,5/4/2025,1155,2030,402,3.0,509.91,57,No
1247,5/4/2025,1196,2070,403,2.0,27.34,99,No
1248,5/4/2025,1115,2057,404,0.0,1747.92,26,Yes
1249,5/4/2025,1185,2004,403,0.0,2781.75,52,Yes
1250,5/4/2025,1132,2017,403,0.0,0,38,No
1251,5/4/2025,1076,2028,402,2.0,1020.7,57,Yes
1252,5/4/2025,1005,2098,403,1.0,3268.3,86,No
1253,5/4/2025,1024,2004,404,2.0,1483.6,6,Yes
1254,5/4/2025,1039,2017,403,2.0,370.96,25,No
1255,5/4/2025,1149,2031,402,2.0,904.48,77,No
1256,5/4/2025,1076,2011,404,1.0,737.53,60,No
1257,5/4/2025,1187,2009,403,3.0,198.93,74,No
1258,5/4/2025,1044,2062,401,2.0,495.49,57,No
1259,5/4/2025,1009,2093,404,0.0,0,48,Yes
1260,5/4/2025,1199,2007,403,2.0,1400.14,9,Yes
1261,5/4/2025,1111,2053,401,1.0,3294.81,20,Yes
1262,5/4/2025,1191,2083,401,3.0,768.16,0,Yes
1263,5/4/2025,1013,2039,401,2.0,1562.3,94,Yes
1264,5/4/2025,1138,2072,402,2.0,672.48,92,Yes
1265,5/4/2025,1128,2089,402,1.0,744.34,17,Yes
1266,5/4/2025,1012,2086,404,3.0,2682.3,1,No
1267,5/4/2025,1192,2076,401,1.0,1450.93,71,No
1268,5/4/2025,1110,2037,404,1.0,324.13,23,Yes
1269,5/4/2025,1033,2043,401,3.0,4367.25,18,No
1270,5/4/2025,1146,2095,401,3.0,1963.16,10,Yes
1271,5/4/2025,1067,2010,404,3.0,0,9,No
1272,5/4/2025,1198,2089,402,1.0,744.34,9,Yes
1273,5/4/2025,1123,2071,402,3.0,1845.48,31,Yes
1274,5/4/2025,1101,2083,402,1.0,2074.03,63,Yes
1275,5/4/2025,1062,2009,403,3.0,66.31,65,No
1276,5/4/2025,1082,2087,401,0.0,318.64,7,No
1277,5/4/2025,1171,2052,404,2.0,0,19,Yes
1278,5/4/2025,1089,2024,403,2.0,298.25,13,Yes
1279,5/4/2025,1152,2083,401,2.0,1843.58,18,No
1280,5/4/2025,1043,2044,404,1.0,373.64,28,No
1281,5/4/2025,1112,2005,402,1.0,0,28,Yes
1282,5/4/2025,1175,2047,402,0.0,1004.94,67,No
1283,5/4/2025,1028,2094,401,1.0,888.03,58,Yes
1284,5/4/2025,1158,2018,403,0.0,2169.04,42,Yes
1285,5/4/2025,1087,2088,401,2.0,567.48,23,Yes
1286,5/4/2025,1115,2060,401,2.0,980.11,73,No
1287,5/4/2025,1053,2094,402,1.0,888.03,9,Yes
1288,5/4/2025,1139,2066,403,3.0,2580.3,56,No
1289,5/4/2025,1159,2093,402,0.0,0,64,Yes
1290,5/4/2025,1096,2074,401,2.0,1055.2,45,Yes
1291,5/4/2025,1043,2007,403,1.0,525.05,64,No
1292,5/4/2025,1178,2079,403,0.0,950.54,96,Yes
1293,5/4/2025,1119,2083,401,0.0,768.16,40,No
1294,5/4/2025,1099,2084,403,2.0,0,75,Yes
1295,5/4/2025,1027,2002,403,3.0,866,74,No
1296,5/4/2025,1059,2048,401,2.0,572.21,92,No
1297,5/4/2025,1124,2076,401,1.0,2176.39,32,No
1298,5/4/2025,1050,2064,404,0.0,1470.2,1,No
1299,5/4/2025,1010,2031,403,2.0,1356.72,66,Yes
1300,5/4/2025,1125,2050,402,0.0,373.56,12,Yes
1301,5/4/2025,1088,2087,403,2.0,509.82,42,Yes
1302,5/4/2025,1160,2038,402,2.0,2223.62,45,Yes
1303,5/4/2025,1015,2080,403,3.0,2496.78,68,Yes
1304,5/4/2025,1007,2071,403,1.0,553.64,23,No
1305,5/4/2025,1038,2043,404,1.0,786.1,72,Yes
1306,5/4/2025,1022,2093,404,1.0,2721.38,80,Yes
1307,5/4/2025,1106,2030,402,3.0,1019.82,76,No
1308,5/4/2025,1079,2077,403,3.0,561.83,5,Yes
1309,5/4/2025,1138,2016,402,1.0,872.15,22,Yes
1310,5/4/2025,1148,2069,402,1.0,418.3,81,No
1311,5/4/2025,1079,2088,402,3.0,709.35,83,Yes
1312,5/4/2025,1197,2018,402,2.0,867.62,51,No
1313,5/4/2025,1017,2071,401,1.0,553.64,33,Yes
1314,5/4/2025,1081,2018,401,2.0,867.62,64,Yes
1315,5/4/2025,1105,2052,403,3.0,731.26,60,No
1316,5/4/2025,1190,2081,403,1.0,0,79,No
1317,5/4/2025,1199,2024,401,1.0,223.69,65,No
1318,5/4/2025,1047,2003,403,1.0,346.66,48,Yes
1319,5/4/2025,1152,2029,402,0.0,27.02,33,No
1320,5/4/2025,1091,2010,404,1.0,210.17,74,No
1321,5/4/2025,1128,2077,404,2.0,0,41,Yes
1322,5/4/2025,1047,2049,404,3.0,0,77,No
1323,5/4/2025,1035,2020,402,1.0,676.49,30,No
1324,5/4/2025,1008,2052,401,2.0,585.01,92,No
1325,5/4/2025,1105,2028,402,1.0,1148.29,51,Yes
1326,5/4/2025,1016,2022,404,3.0,2684.72,13,Yes
1327,5/4/2025,1176,2041,404,1.0,1447.58,72,No
1328,5/4/2025,1109,2051,401,3.0,469.28,55,No
1329,5/4/2025,1184,2040,404,0.0,103.62,32,Yes
1330,5/4/2025,1133,2013,404,3.0,3741.44,5,Yes
1331,5/4/2025,1010,2031,404,0.0,1130.6,70,No
1332,5/4/2025,1142,2049,401,1.0,0,59,Yes
1333,5/4/2025,1074,2056,404,2.0,839.55,73,Yes
1334,5/4/2025,1198,2036,404,1.0,392.36,45,Yes
1335,5/4/2025,1108,2037,401,1.0,648.25,22,Yes
1336,5/4/2025,1118,2082,404,0.0,799.8,27,Yes
1337,5/4/2025,1184,2064,401,1.0,264.64,85,Yes
1338,5/4/2025,1199,2074,402,3.0,1978.5,65,Yes
1339,5/4/2025,1105,2041,404,0.0,0,64,No
1340,5/4/2025,1045,2058,402,3.0,0,57,No
1341,5/4/2025,1023,2032,403,1.0,1702.08,100,No
1342,5/4/2025,1183,2093,401,0.0,2267.82,63,Yes
1343,5/4/2025,1029,2090,404,2.0,57.31,59,Yes
1344,5/4/2025,1021,2067,404,1.0,261.86,44,No
1345,5/4/2025,1096,2070,404,0.0,136.72,27,Yes
1346,5/4/2025,1196,2021,403,1.0,751.87,70,Yes
1347,5/4/2025,1041,2018,402,0.0,1084.52,63,No
1348,5/4/2025,1107,2039,403,3.0,0,79,Yes
1349,5/4/2025,1073,2080,402,0.0,3329.04,45,No
1350,5/4/2025,1033,2025,401,2.0,671.09,77,Yes
1351,5/4/2025,1003,2058,404,3.0,2000.25,74,No
1352,5/4/2025,1139,2000,404,1.0,1744.76,19,Yes
1353,5/4/2025,1055,2075,404,3.0,3122.56,23,No
1354,5/4/2025,1104,2056,401,0.0,1574.16,58,No
1355,5/4/2025,1062,2070,403,1.0,30.76,35,Yes
1356,5/4/2025,1012,2023,402,0.0,2818.62,57,No
1357,5/4/2025,1167,2044,401,1.0,560.47,73,No
1358,5/4/2025,1008,2085,403,2.0,0,65,No
1359,5/4/2025,1022,2006,401,3.0,990,97,No
1360,5/4/2025,1045,2020,403,1.0,1352.99,25,Yes
1361,5/4/2025,1116,2095,403,0.0,981.58,23,Yes
1362,5/4/2025,1023,2098,403,2.0,1452.58,88,No
1363,5/4/2025,1094,2048,401,3.0,1072.89,98,Yes
1364,5/4/2025,1140,2008,403,3.0,0,55,Yes
1365,5/4/2025,1034,2015,403,2.0,1079.95,67,Yes
1366,5/4/2025,1134,2052,402,1.0,1316.27,73,No
1367,5/4/2025,1156,2007,401,0.0,1750.17,49,Yes
1368,5/4/2025,1123,2092,403,3.0,0,36,No
1369,5/4/2025,1155,2040,403,2.0,27.63,72,Yes
1370,5/4/2025,1033,2078,404,3.0,568.04,32,No
1371,5/4/2025,1126,2023,402,2.0,2254.9,98,No
1372,5/4/2025,1049,2000,401,0.0,3877.24,58,Yes
1373,5/4/2025,1119,2080,401,1.0,0,70,No
1374,5/4/2025,1157,2053,404,0.0,1830.45,47,Yes
1375,5/4/2025,1085,2044,402,0.0,207.58,47,No
1376,5/4/2025,1163,2025,403,2.0,447.39,44,No
1377,5/4/2025,1017,2039,403,2.0,3905.76,78,Yes
1378,5/4/2025,1196,2000,401,2.0,0,100,No
1379,5/4/2025,1087,2050,401,1.0,168.1,72,No
1380,5/4/2025,1049,2042,403,3.0,670.44,30,Yes
1381,5/4/2025,1121,2004,402,3.0,3709,94,No
1382,5/4/2025,1039,2080,404,2.0,665.81,11,No
1383,5/4/2025,1118,2052,401,2.0,0,9,No
1384,5/4/2025,1144,2092,403,0.0,1446.63,45,Yes
1385,5/4/2025,1053,2073,403,2.0,1198.63,14,No
1386,5/4/2025,1016,2019,403,0.0,0,97,No
1387,5/4/2025,1086,2048,402,3.0,1072.89,10,No
1388,5/4/2025,1047,2076,401,2.0,0,97,Yes
1389,5/4/2025,1180,2040,401,2.0,110.53,86,No
1390,5/4/2025,1105,2011,404,1.0,0,60,No
1391,5/4/2025,1095,2057,403,1.0,786.56,45,No
1392,5/4/2025,1134,2038,402,0.0,926.51,35,Yes
1393,5/4/2025,1095,2004,402,0.0,0,8,No
1394,5/4/2025,1113,2064,401,3.0,294.04,12,No
1395,5/4/2025,1128,2019,402,2.0,1494.29,18,Yes
1396,5/4/2025,1123,2093,403,2.0,3023.76,24,Yes
1397,5/4/2025,1036,2098,401,1.0,817.07,84,Yes
1398,5/4/2025,1052,2092,401,3.0,1928.84,42,Yes
1399,5/4/2025,1099,2091,401,0.0,905.79,42,Yes
1400,5/4/2025,1079,2005,401,2.0,1715.12,25,No
1401,5/4/2025,1119,2005,401,2.0,686.05,61,Yes
1402,5/4/2025,1005,2073,403,1.0,0,84,No
1403,5/4/2025,1082,2025,402,2.0,223.7,100,Yes
1404,5/4/2025,1070,2068,403,3.0,2460.72,75,No
1405,5/4/2025,1171,2015,403,1.0,0,10,Yes
1406,5/4/2025,1040,2035,401,0.0,899.99,17,No
1407,5/4/2025,1159,2071,401,1.0,1660.93,32,No
1408,5/4/2025,1138,2044,403,2.0,0,91,Yes
1409,5/4/2025,1036,2090,403,1.0,0,16,No
1410,5/4/2025,1043,2009,403,2.0,106.1,60,No
1411,5/4/2025,1138,2056,401,1.0,944.5,83,Yes
1412,5/4/2025,1007,2060,401,0.0,816.76,53,No
1413,5/4/2025,1098,2006,401,3.0,990,99,Yes
1414,5/4/2025,1100,2022,404,2.0,1610.83,37,No
1415,5/4/2025,1079,2042,402,0.0,167.61,17,Yes
1416,5/4/2025,1193,2097,404,1.0,2273.67,92,Yes
1417,5/4/2025,1023,2089,404,0.0,413.52,44,Yes
1418,5/4/2025,1116,2039,404,3.0,3905.76,1,No
1419,5/4/2025,1059,2028,402,2.0,1531.06,48,Yes
1420,5/4/2025,1093,2050,402,2.0,298.85,44,Yes
1421,5/4/2025,1083,2058,404,0.0,2000.25,60,Yes
1422,5/4/2025,1016,2060,401,2.0,653.41,17,Yes
1423,5/4/2025,1122,2059,402,2.0,1228.92,38,No
1424,5/4/2025,1196,2044,402,0.0,207.58,70,Yes
1425,5/4/2025,1103,2091,401,2.0,2173.9,85,Yes
1426,5/4/2025,1142,2083,401,2.0,1229.06,1,Yes
1427,5/4/2025,1136,2059,404,3.0,2560.25,62,Yes
1428,5/4/2025,1061,2079,402,1.0,2566.46,71,No
1429,5/4/2025,1123,2049,401,2.0,751.87,3,Yes
1430,5/4/2025,1053,2088,404,3.0,709.35,57,Yes
1431,5/4/2025,1145,2043,402,1.0,1572.21,67,Yes
1432,5/4/2025,1169,2085,401,3.0,1210.75,11,No
1433,5/4/2025,1029,2075,404,2.0,1249.02,73,No
1434,5/4/2025,1142,2012,404,1.0,1682.61,18,No
1435,5/4/2025,1078,2051,401,0.0,117.32,68,Yes
1436,5/4/2025,1175,2076,404,2.0,1289.71,88,No
1437,5/4/2025,1126,2082,401,0.0,1066.4,61,No
1438,5/4/2025,1055,2017,401,1.0,1669.32,0,No
1439,5/4/2025,1169,2019,404,2.0,747.14,18,No
1440,5/4/2025,1099,2078,404,1.0,383.43,56,Yes
1441,5/4/2025,1052,2087,403,2.0,0,47,Yes
1442,5/4/2025,1145,2086,403,3.0,2682.3,89,No
1443,5/4/2025,1183,2044,401,0.0,1037.9,55,No
1444,5/4/2025,1156,2065,404,1.0,423.31,97,No
1445,5/4/2025,1075,2007,403,0.0,1166.78,74,Yes
1446,5/4/2025,1000,2090,403,0.0,143.28,68,No
1447,5/4/2025,1072,2003,402,3.0,0,63,Yes
1448,5/4/2025,1179,2075,404,2.0,1873.54,76,No
1449,5/4/2025,1182,2048,404,3.0,357.63,100,No
1450,5/4/2025,1111,2069,402,1.0,836.6,6,Yes
1451,5/4/2025,1121,2017,402,3.0,2782.2,63,Yes
1452,5/4/2025,1092,2053,402,2.0,1464.36,56,No
1453,5/4/2025,1171,2016,402,0.0,646.04,30,Yes
1454,5/4/2025,1018,2082,401,1.0,0,35,Yes
1455,5/4/2025,1184,2062,404,1.0,1672.27,3,Yes
1456,5/4/2025,1021,2017,404,3.0,463.7,29,No
1457,5/4/2025,1178,2077,404,1.0,505.65,22,Yes
1458,5/4/2025,1116,2065,404,3.0,470.34,77,No
1459,5/4/2025,1098,2045,402,1.0,280.93,27,Yes
1460,5/4/2025,1108,2077,401,3.0,1685.49,69,Yes
1461,5/4/2025,1187,2030,403,3.0,509.91,17,No
1462,5/4/2025,1139,2073,403,0.0,499.43,95,Yes
1463,5/4/2025,1009,2072,404,2.0,0,12,No
1464,5/4/2025,1028,2074,404,0.0,3297.5,82,No
1465,5/4/2025,1036,2093,403,3.0,0,95,Yes
1466,5/4/2025,1132,2010,401,1.0,0,15,Yes
1467,5/4/2025,1120,2080,401,2.0,665.81,82,No
1468,5/4/2025,1156,2006,403,0.0,198,29,Yes
1469,5/4/2025,1120,2058,404,2.0,1600.2,21,No
1470,5/4/2025,1107,2045,403,2.0,249.71,59,No
1471,5/4/2025,1042,2004,403,2.0,0,67,No
1472,5/4/2025,1015,2080,404,1.0,749.03,29,No
1473,5/4/2025,1146,2006,403,0.0,792,96,Yes
1474,5/4/2025,1073,2062,401,1.0,1114.85,37,No
1475,5/4/2025,1129,2009,403,2.0,0,25,No
1476,5/4/2025,1033,2078,403,2.0,340.82,99,No
1477,5/4/2025,1065,2001,401,1.0,371.12,99,No
1478,5/4/2025,1151,2094,402,3.0,493.35,21,No
1479,5/4/2025,1094,2022,403,1.0,0,40,No
1480,5/4/2025,1124,2023,401,2.0,2254.9,32,No
1481,5/4/2025,1021,2018,402,3.0,542.26,97,No
1482,5/4/2025,1192,2052,404,1.0,0,72,No
1483,5/4/2025,1169,2056,402,1.0,944.5,7,No
1484,5/4/2025,1147,2093,403,0.0,2267.82,50,Yes
1485,5/4/2025,1164,2033,401,0.0,836.25,38,No
1486,5/4/2025,1042,2059,404,3.0,3072.3,16,Yes
1487,5/4/2025,1077,2060,402,3.0,1633.52,19,Yes
1488,5/4/2025,1174,2090,404,3.0,286.56,8,Yes
1489,5/4/2025,1067,2018,404,0.0,2169.04,4,Yes
1490,5/4/2025,1073,2057,404,2.0,349.58,14,Yes
1491,5/4/2025,1135,2087,401,0.0,318.64,74,Yes
1492,5/4/2025,1136,2081,403,3.0,2238.66,54,No
1493,5/4/2025,1156,2083,403,2.0,1229.06,96,No
1494,5/4/2025,1069,2034,401,2.0,217.87,99,Yes
1495,5/4/2025,1167,2074,404,3.0,2638,56,Yes
1496,5/4/2025,1197,2086,402,1.0,2414.07,7,Yes
1497,5/4/2025,1133,2043,402,2.0,1397.52,87,Yes
1498,5/4/2025,1140,2001,401,0.0,1237.05,45,No
1499,5/4/2025,1003,2052,401,0.0,731.26,68,No
1500,5/4/2025,1175,2057,403,1.0,1179.85,79,Yes
1501,5/4/2025,1185,2036,403,1.0,980.91,14,Yes
1502,5/4/2025,1008,2003,401,0.0,0,60,Yes
1503,5/4/2025,1152,2084,402,0.0,281.85,85,No
1504,5/4/2025,1181,2015,401,1.0,1214.95,79,Yes
1505,5/4/2025,1096,2084,402,0.0,0,93,Yes
1506,5/4/2025,1178,2023,403,2.0,1503.26,85,No
1507,5/4/2025,1119,2084,401,3.0,0,48,Yes
1508,5/4/2025,1070,2098,404,2.0,1452.58,55,Yes
1509,5/4/2025,1065,2020,401,2.0,300.66,48,Yes
1510,5/4/2025,1198,2007,404,3.0,2333.56,83,Yes
1511,5/4/2025,1085,2007,403,2.0,933.42,37,Yes
1512,5/4/2025,1045,2056,401,3.0,3148.32,17,Yes
1513,5/4/2025,1051,2078,404,1.0,383.43,95,No
1514,5/4/2025,1165,2062,401,1.0,557.42,6,Yes
1515,5/4/2025,1138,2098,404,1.0,817.07,76,Yes
1516,5/4/2025,1157,2082,401,3.0,1066.4,41,No
1517,5/4/2025,1183,2033,401,0.0,0,41,No
1518,5/4/2025,1018,2009,403,3.0,0,57,Yes
1519,5/4/2025,1004,2063,402,0.0,552.46,67,Yes
1520,5/4/2025,1009,2085,404,2.0,193.72,89,No
1521,5/4/2025,1038,2089,403,3.0,1240.56,32,Yes
1522,5/4/2025,1147,2000,404,3.0,4846.55,72,No
1523,5/4/2025,1111,2051,401,1.0,211.18,23,Yes
1524,5/4/2025,1000,2049,404,0.0,5639.04,10,Yes
1525,5/4/2025,1145,2068,403,2.0,656.19,24,Yes
1526,5/4/2025,1174,2038,404,0.0,1853.02,23,No
1527,5/4/2025,1161,2082,401,2.0,213.28,42,No
1528,5/4/2025,1136,2043,401,3.0,3493.8,86,Yes
1529,5/4/2025,1194,2098,403,1.0,2451.22,35,Yes
1530,5/4/2025,1045,2070,401,3.0,102.54,94,Yes
1531,5/4/2025,1169,2024,403,3.0,621.35,11,No
1532,5/4/2025,1027,2080,403,3.0,2496.78,10,Yes
1533,5/4/2025,1021,2080,404,1.0,2247.1,55,No
1534,5/4/2025,1035,2004,402,0.0,1854.5,14,Yes
1535,5/4/2025,1184,2075,402,3.0,2341.92,87,Yes
1536,5/4/2025,1099,2008,403,3.0,66.59,12,Yes
1537,5/4/2025,1136,2057,401,0.0,1310.94,60,Yes
1538,5/4/2025,1086,2007,403,0.0,1750.17,93,Yes
1539,5/4/2025,1103,2015,402,3.0,2024.91,69,Yes
1540,5/4/2025,1173,2068,402,1.0,0,24,Yes
1541,5/4/2025,1018,2004,402,3.0,927.25,70,Yes
1542,5/4/2025,1167,2002,404,0.0,866,88,Yes
1543,5/4/2025,1062,2089,402,0.0,2067.6,88,No
1544,5/4/2025,1044,2080,401,2.0,665.81,57,No
1545,5/4/2025,1024,2058,402,0.0,2000.25,17,Yes
1546,5/4/2025,1027,2014,404,1.0,443.34,35,Yes
1547,5/4/2025,1016,2025,404,2.0,671.09,51,Yes
1548,5/4/2025,1188,2086,404,2.0,2861.12,73,Yes
1549,5/4/2025,1030,2087,402,2.0,382.37,58,No
1550,5/4/2025,1054,2097,401,1.0,2273.67,94,No
1551,5/4/2025,1085,2008,401,2.0,106.54,40,No
1552,5/4/2025,1036,2096,404,1.0,1814.89,82,No
1553,5/4/2025,1178,2047,402,3.0,1004.94,24,No
1554,5/4/2025,1062,2074,401,1.0,1187.1,88,No
1555,5/4/2025,1025,2080,404,1.0,3745.17,38,No
1556,5/4/2025,1004,2062,401,0.0,2477.44,61,Yes
1557,5/4/2025,1001,2022,401,2.0,536.94,2,Yes
1558,5/4/2025,1106,2088,404,1.0,1276.83,26,Yes
1559,5/4/2025,1052,2018,403,3.0,2169.04,38,Yes
1560,5/4/2025,1105,2030,402,0.0,339.94,38,Yes
1561,5/4/2025,1152,2023,404,0.0,1879.08,41,Yes
1562,5/4/2025,1160,2038,403,3.0,0,46,No
1563,5/4/2025,1001,2071,402,1.0,1660.93,51,Yes
1564,5/4/2025,1030,2067,401,2.0,465.52,23,No
1565,5/4/2025,1194,2069,402,3.0,929.56,45,No
1566,5/4/2025,1197,2080,402,2.0,1331.62,40,No
1567,5/4/2025,1013,2024,401,1.0,335.53,78,Yes
1568,5/4/2025,1175,2060,404,1.0,735.08,78,Yes
1569,5/4/2025,1040,2085,401,0.0,484.3,90,Yes
1570,5/4/2025,1165,2046,403,1.0,60.17,30,No
1571,5/4/2025,1111,2032,403,3.0,3782.4,54,Yes
1572,5/4/2025,1011,2013,401,1.0,1683.65,56,Yes
1573,5/4/2025,1040,2003,404,0.0,385.18,38,No
1574,5/4/2025,1018,2030,404,2.0,135.98,29,Yes
1575,5/4/2025,1107,2025,403,1.0,754.97,30,No
1576,5/4/2025,1199,2014,403,1.0,0,13,No
1577,5/4/2025,1025,2030,404,1.0,0,44,No
1578,5/4/2025,1096,2028,401,3.0,2551.76,5,No
1579,5/4/2025,1149,2062,401,3.0,1858.08,3,No
1580,5/4/2025,1037,2027,404,1.0,465.5,7,Yes
1581,5/4/2025,1099,2047,402,3.0,0,1,No
1582,5/4/2025,1184,2024,403,2.0,198.83,43,No
1583,5/4/2025,1051,2042,402,0.0,167.61,80,Yes
1584,5/4/2025,1177,2072,401,2.0,672.48,44,No
1585,5/4/2025,1034,2014,404,3.0,985.2,94,No
1586,5/4/2025,1107,2021,403,1.0,751.87,81,Yes
1587,5/4/2025,1075,2077,402,1.0,2528.24,72,Yes
1588,5/4/2025,1147,2070,402,0.0,34.18,30,No
1589,5/4/2025,1105,2066,404,1.0,928.91,21,Yes
1590,5/4/2025,1151,2060,404,2.0,653.41,36,No
1591,5/4/2025,1003,2093,404,1.0,680.35,31,No
1592,5/4/2025,1063,2041,404,1.0,2171.37,47,Yes
1593,5/4/2025,1151,2019,401,3.0,933.93,18,No
1594,5/4/2025,1011,2005,404,0.0,428.78,60,No
1595,5/4/2025,1108,2067,404,3.0,290.95,28,Yes
1596,5/4/2025,1178,2012,404,3.0,623.19,45,No
1597,5/4/2025,1061,2010,401,3.0,389.2,83,Yes
1598,5/4/2025,1055,2016,403,2.0,0,19,Yes
1599,5/4/2025,1061,2082,401,0.0,266.6,76,No
1600,5/4/2025,1122,2085,403,1.0,217.94,27,No
1601,5/4/2025,1180,2058,401,3.0,666.75,4,Yes
1602,5/4/2025,1118,2098,402,3.0,907.86,69,Yes
1603,5/4/2025,1047,2047,404,0.0,334.98,16,No
1604,5/4/2025,1160,2009,404,2.0,0,87,No
1605,5/4/2025,1135,2004,403,3.0,3709,75,Yes
1606,5/4/2025,1192,2034,402,0.0,0,59,Yes
1607,5/4/2025,1158,2042,401,2.0,402.26,95,No
1608,5/4/2025,1013,2014,404,2.0,197.04,69,No
1609,5/4/2025,1119,2079,401,2.0,4562.59,63,Yes
1610,5/4/2025,1093,2022,401,1.0,604.06,18,No
1611,5/4/2025,1035,2042,402,0.0,335.22,39,No
1612,5/4/2025,1166,2061,402,1.0,179.93,7,No
1613,5/4/2025,1082,2045,403,3.0,312.14,4,Yes
1614,5/4/2025,1070,2006,401,2.0,633.6,51,Yes
1615,5/4/2025,1088,2057,404,0.0,436.98,57,No
1616,5/4/2025,1120,2090,403,3.0,214.92,79,Yes
1617,5/4/2025,1158,2047,401,1.0,904.45,17,No
1618,5/4/2025,1117,2011,401,3.0,0,58,Yes
1619,5/4/2025,1045,2036,401,0.0,217.98,59,No
1620,5/4/2025,1042,2035,401,1.0,809.99,42,No
1621,5/4/2025,1127,2019,402,0.0,933.93,79,No
1622,5/4/2025,1075,2053,402,3.0,2440.6,30,No
1623,5/4/2025,1088,2053,404,0.0,610.15,65,Yes
1624,5/4/2025,1074,2024,401,0.0,248.54,0,Yes
1625,5/4/2025,1059,2066,403,3.0,2064.24,88,No
1626,5/4/2025,1148,2043,403,3.0,873.45,70,No
1627,5/4/2025,1151,2085,404,3.0,726.45,6,No
1628,5/4/2025,1077,2072,402,2.0,1008.72,17,Yes
1629,5/4/2025,1043,2033,402,3.0,836.25,71,No
1630,5/4/2025,1095,2036,401,1.0,392.36,6,Yes
1631,5/4/2025,1090,2036,404,1.0,588.55,44,No
1632,5/4/2025,1158,2020,403,1.0,676.49,68,Yes
1633,5/4/2025,1044,2090,402,1.0,0,11,No
1634,5/4/2025,1060,2014,401,2.0,591.12,29,Yes
1635,5/4/2025,1147,2016,404,2.0,516.83,85,No
1636,5/4/2025,1094,2023,402,0.0,1879.08,11,Yes
1637,5/4/2025,1170,2040,403,1.0,0,59,Yes
1638,5/4/2025,1095,2057,402,2.0,349.58,51,Yes
1639,5/4/2025,1031,2003,404,3.0,0,27,No
1640,5/4/2025,1196,2018,404,2.0,433.81,79,No
1641,5/4/2025,1039,2000,403,2.0,775.45,23,Yes
1642,5/4/2025,1121,2037,402,3.0,1080.42,38,No
1643,5/4/2025,1086,2088,401,3.0,2837.4,80,Yes
1644,5/4/2025,1010,2017,401,2.0,1112.88,89,Yes
1645,5/4/2025,1006,2051,402,3.0,351.96,89,Yes
1646,5/4/2025,1091,2011,403,0.0,819.48,25,No
1647,5/4/2025,1155,2082,402,1.0,959.76,63,Yes
1648,5/4/2025,1005,2098,403,1.0,817.07,19,No
1649,5/4/2025,1005,2010,404,0.0,233.52,45,Yes
1650,5/4/2025,1131,2050,402,3.0,747.12,76,No
1651,5/4/2025,1081,2077,401,2.0,1797.86,79,No
1652,5/4/2025,1101,2018,404,2.0,867.62,60,Yes
1653,5/4/2025,1098,2047,401,2.0,1071.94,37,Yes
1654,5/4/2025,1088,2044,403,3.0,830.32,56,Yes
1655,5/4/2025,1143,2011,402,3.0,1229.22,0,Yes
1656,5/4/2025,1189,2053,404,2.0,1464.36,0,Yes
1657,5/4/2025,1041,2093,404,3.0,2267.82,13,Yes
1658,5/4/2025,1035,2075,401,1.0,1405.15,95,Yes
1659,5/4/2025,1053,2038,404,2.0,2964.83,35,Yes
1660,5/4/2025,1016,2075,404,0.0,3122.56,22,Yes
1661,5/4/2025,1001,2052,403,3.0,731.26,61,Yes
1662,5/4/2025,1044,2071,404,1.0,553.64,8,No
1663,5/4/2025,1051,2023,404,2.0,0,74,No
1664,5/4/2025,1141,2062,401,2.0,1486.46,64,Yes
1665,5/4/2025,1149,2038,404,3.0,926.51,69,Yes
1666,5/4/2025,1057,2003,401,1.0,2079.97,10,No
1667,5/4/2025,1067,2038,404,0.0,926.51,66,No
1668,5/4/2025,1167,2085,403,3.0,242.15,74,Yes
1669,5/4/2025,1045,2062,402,0.0,1858.08,3,No
1670,5/4/2025,1030,2097,403,3.0,3368.4,42,Yes
1671,5/4/2025,1017,2076,403,3.0,0,36,Yes
1672,5/4/2025,1144,2055,403,3.0,161.82,80,No
1673,5/4/2025,1177,2015,403,0.0,674.97,63,No
1674,5/4/2025,1066,2020,401,1.0,1014.74,36,No
1675,5/4/2025,1081,2059,402,2.0,409.64,64,Yes
1676,5/4/2025,1041,2006,403,2.0,475.2,61,No
1677,5/4/2025,1107,2081,403,0.0,3731.1,70,No
1678,5/4/2025,1074,2037,401,1.0,0,43,No
1679,5/4/2025,1196,2080,402,0.0,832.26,70,Yes
1680,5/4/2025,1153,2096,402,2.0,1075.49,48,Yes
1681,5/4/2025,1080,2087,403,2.0,127.46,96,No
1682,5/4/2025,1175,2089,403,0.0,2067.6,36,No
1683,5/4/2025,1136,2074,403,1.0,593.55,98,No
1684,5/4/2025,1003,2017,403,2.0,1112.88,1,No
1685,5/4/2025,1199,2062,404,2.0,990.98,81,Yes
1686,5/4/2025,1041,2013,402,1.0,1683.65,0,Yes
1687,5/4/2025,1128,2028,402,0.0,0,79,No
1688,5/4/2025,1106,2058,401,0.0,1333.5,38,No
1689,5/4/2025,1033,2002,404,2.0,1385.6,22,No
1690,5/4/2025,1079,2088,403,1.0,2553.66,49,No
1691,5/4/2025,1113,2076,403,1.0,0,56,No
1692,5/4/2025,1181,2038,401,0.0,2779.53,93,No
1693,5/4/2025,1056,2016,402,1.0,872.15,57,Yes
1694,5/4/2025,1078,2016,402,1.0,872.15,42,Yes
1695,5/4/2025,1020,2054,401,0.0,1801.02,69,Yes
1696,5/4/2025,1004,2099,404,3.0,0,99,Yes
1697,5/4/2025,1010,2025,401,0.0,559.24,87,Yes
1698,5/4/2025,1168,2065,401,3.0,1411.02,48,No
1699,5/4/2025,1030,2032,401,0.0,945.6,78,Yes
1700,5/4/2025,1077,2085,401,0.0,0,16,Yes
1701,5/4/2025,1005,2015,402,1.0,0,87,No
1702,5/4/2025,1047,2085,403,0.0,242.15,30,No
1703,5/4/2025,1023,2018,403,2.0,0,85,No
1704,5/4/2025,1090,2020,402,0.0,751.66,0,No
1705,5/4/2025,1025,2074,401,1.0,593.55,42,No
1706,5/4/2025,1183,2024,403,1.0,335.53,61,Yes
1707,5/4/2025,1193,2068,401,0.0,820.24,100,Yes
1708,5/4/2025,1054,2064,404,2.0,235.23,3,Yes
1709,5/4/2025,1178,2075,402,3.0,5464.48,66,No
1710,5/4/2025,1172,2013,402,2.0,2244.86,60,No
1711,5/4/2025,1097,2054,402,1.0,810.46,73,No
1712,5/4/2025,1104,2014,403,0.0,246.3,100,Yes
1713,5/4/2025,1119,2014,402,3.0,1231.5,80,Yes
1714,5/4/2025,1195,2046,403,0.0,100.29,50,No
1715,5/4/2025,1021,2041,404,0.0,0,2,No
1716,5/4/2025,1098,2036,404,2.0,0,3,Yes
1717,5/4/2025,1175,2056,402,3.0,2098.88,44,Yes
1718,5/4/2025,1074,2054,402,0.0,2701.53,27,Yes
1719,5/4/2025,1121,2086,403,1.0,3218.76,44,Yes
1720,5/4/2025,1003,2086,404,0.0,1788.2,67,No
1721,5/4/2025,1101,2056,401,0.0,524.72,50,Yes
1722,5/4/2025,1036,2050,404,0.0,747.12,94,No
1723,5/4/2025,1189,2021,401,2.0,1336.66,85,Yes
1724,5/4/2025,1050,2043,402,3.0,873.45,47,Yes
1725,5/4/2025,1031,2029,404,3.0,40.53,21,No
1726,5/4/2025,1071,2097,403,3.0,2526.3,6,No
1727,5/4/2025,1091,2060,404,3.0,1225.14,35,Yes
1728,5/4/2025,1130,2035,402,3.0,899.99,70,No
1729,5/4/2025,1027,2015,403,3.0,0,16,Yes
1730,5/4/2025,1127,2029,402,0.0,40.53,76,No
1731,5/4/2025,1025,2094,401,0.0,1973.4,9,No
1732,5/4/2025,1127,2086,401,1.0,4828.14,54,Yes
1733,5/4/2025,1097,2077,403,1.0,2022.59,84,No
1734,5/4/2025,1077,2079,401,0.0,1901.08,17,Yes
1735,5/4/2025,1169,2096,404,3.0,672.18,58,Yes
1736,5/4/2025,1051,2037,404,3.0,1800.7,18,Yes
1737,5/4/2025,1129,2033,403,0.0,1672.5,70,No
1738,5/4/2025,1195,2004,404,0.0,2781.75,54,Yes
1739,5/4/2025,1098,2057,403,3.0,1310.94,20,No
1740,5/4/2025,1113,2058,401,0.0,2000.25,58,No
1741,5/4/2025,1045,2071,403,1.0,0,9,No
1742,5/4/2025,1125,2055,402,2.0,86.3,44,Yes
1743,5/4/2025,1183,2049,404,0.0,1879.68,6,No
1744,5/4/2025,1145,2086,404,3.0,2682.3,63,Yes
1745,5/4/2025,1121,2071,402,0.0,1845.48,100,No
1746,5/4/2025,1100,2033,404,3.0,2508.75,38,No
1747,5/4/2025,1157,2086,403,2.0,1430.56,53,No
1748,5/4/2025,1082,2007,401,0.0,1750.17,56,Yes
1749,5/4/2025,1032,2046,403,0.0,167.15,87,No
1750,5/4/2025,1195,2080,403,3.0,3329.04,26,No
1751,5/4/2025,1024,2054,403,2.0,0,64,No
1752,5/4/2025,1105,2044,401,1.0,373.64,10,No
1753,5/4/2025,1063,2030,403,0.0,509.91,41,No
1754,5/4/2025,1176,2008,403,0.0,133.18,24,Yes
1755,5/4/2025,1086,2021,401,2.0,2004.98,18,Yes
1756,5/4/2025,1009,2058,404,3.0,2000.25,99,Yes
1757,5/4/2025,1068,2002,404,0.0,0,68,Yes
1758,5/4/2025,1081,2048,404,2.0,572.21,51,No
1759,5/4/2025,1146,2012,404,0.0,623.19,96,Yes
1760,5/4/2025,1176,2086,402,2.0,1430.56,86,Yes
1761,5/4/2025,1127,2064,403,1.0,529.27,42,No
1762,5/4/2025,1157,2038,403,3.0,4632.55,70,Yes
1763,5/4/2025,1051,2063,401,1.0,0,37,Yes
1764,5/4/2025,1073,2033,401,2.0,1338,12,No
1765,5/4/2025,1146,2051,402,0.0,0,27,Yes
1766,5/4/2025,1183,2074,401,2.0,0,86,No
1767,5/4/2025,1069,2008,404,3.0,66.59,80,No
1768,5/4/2025,1053,2044,401,2.0,332.13,96,No
1769,5/4/2025,1129,2038,404,2.0,0,17,Yes
1770,5/4/2025,1051,2053,404,2.0,488.12,15,No
1771,5/4/2025,1159,2065,404,1.0,1693.22,8,No
1772,5/4/2025,1004,2080,402,3.0,3329.04,21,No
1773,5/4/2025,1054,2084,404,2.0,901.92,5,Yes
1774,5/4/2025,1163,2068,404,0.0,1640.48,48,No
1775,5/4/2025,1133,2025,403,3.0,838.86,24,No
1776,5/4/2025,1037,2030,402,2.0,271.95,28,No
1777,5/4/2025,1111,2052,403,0.0,731.26,96,Yes
1778,5/4/2025,1162,2026,404,2.0,169.25,6,No
1779,5/4/2025,1073,2082,402,2.0,213.28,27,No
1780,5/4/2025,1175,2076,402,3.0,806.07,29,No
1781,5/4/2025,1061,2014,402,1.0,665.01,38,Yes
1782,5/4/2025,1007,2031,403,3.0,1695.9,46,Yes
1783,5/4/2025,1124,2071,404,3.0,1845.48,9,Yes
1784,5/4/2025,1165,2004,402,1.0,1669.05,66,No
1785,5/4/2025,1069,2017,401,2.0,0,33,Yes
1786,5/4/2025,1071,2084,402,0.0,281.85,26,No
1787,5/4/2025,1184,2062,401,0.0,2477.44,53,Yes
1788,5/4/2025,1021,2040,403,0.0,69.08,20,No
1789,5/4/2025,1104,2046,401,3.0,167.15,33,Yes
1790,5/4/2025,1185,2017,402,0.0,1854.8,95,Yes
1791,5/4/2025,1146,2094,401,2.0,789.36,84,No
1792,5/4/2025,1127,2011,402,0.0,409.74,36,Yes
1793,5/4/2025,1197,2040,403,3.0,138.16,19,No
1794,5/4/2025,1191,2095,402,3.0,1963.16,91,No
1795,5/4/2025,1055,2018,401,1.0,488.03,99,Yes
1796,5/4/2025,1054,2035,404,3.0,899.99,94,Yes
1797,5/4/2025,1065,2075,401,3.0,3903.2,1,No
1798,5/4/2025,1136,2047,401,2.0,267.98,31,No
1799,5/4/2025,1139,2054,404,1.0,3241.84,12,Yes
1800,5/4/2025,1071,2018,403,3.0,0,33,No
1801,5/4/2025,1183,2047,403,0.0,1004.94,97,No
1802,5/4/2025,1165,2077,401,0.0,1685.49,45,No
1803,5/4/2025,1176,2085,402,2.0,581.16,58,No
1804,5/4/2025,1141,2049,403,2.0,1503.74,48,No
1805,5/4/2025,1175,2015,402,3.0,674.97,83,Yes
1806,5/4/2025,1099,2001,404,2.0,0,75,No
1807,5/4/2025,1077,2011,402,2.0,655.58,63,Yes
1808,5/4/2025,1053,2020,404,2.0,601.33,74,Yes
1809,5/4/2025,1196,2082,404,0.0,533.2,89,Yes
1810,5/4/2025,1070,2010,404,3.0,311.36,40,Yes
1811,5/4/2025,1188,2052,403,3.0,2925.04,55,Yes
1812,5/4/2025,1025,2020,403,0.0,375.83,53,Yes
1813,5/4/2025,1090,2053,403,3.0,1830.45,45,Yes
1814,5/4/2025,1177,2003,401,1.0,346.66,19,No
1815,5/4/2025,1161,2056,402,0.0,1049.44,89,Yes
1816,5/4/2025,1102,2025,403,2.0,0,69,No
1817,5/4/2025,1147,2010,401,1.0,70.06,33,Yes
1818,5/4/2025,1063,2066,402,3.0,516.06,56,No
1819,5/4/2025,1081,2057,404,1.0,786.56,93,No
1820,5/4/2025,1066,2022,403,2.0,536.94,20,No
1821,5/4/2025,1050,2010,404,2.0,62.27,60,No
1822,5/4/2025,1046,2050,404,1.0,336.2,23,Yes
1823,5/4/2025,1005,2002,402,0.0,3464,15,Yes
1824,5/4/2025,1118,2025,403,1.0,0,75,Yes
1825,5/4/2025,1012,2051,404,2.0,93.86,56,Yes
1826,5/4/2025,1038,2011,403,1.0,1475.06,83,No
1827,5/4/2025,1145,2015,401,3.0,2024.91,52,No
1828,5/4/2025,1197,2058,404,0.0,666.75,79,Yes
1829,5/4/2025,1057,2091,402,1.0,815.21,2,Yes
1830,5/4/2025,1005,2034,403,3.0,544.68,33,No
1831,5/4/2025,1097,2016,404,1.0,290.72,10,No
1832,5/4/2025,1153,2027,403,1.0,698.25,51,No
1833,5/4/2025,1107,2023,404,1.0,2536.76,17,Yes
1834,5/4/2025,1007,2037,403,1.0,648.25,90,Yes
1835,5/4/2025,1158,2057,402,2.0,699.17,24,No
1836,5/4/2025,1149,2087,404,0.0,637.28,77,No
1837,5/4/2025,1002,2060,402,2.0,326.7,74,Yes
1838,5/4/2025,1177,2050,402,3.0,186.78,14,Yes
1839,5/4/2025,1181,2054,403,0.0,1801.02,36,No
1840,5/4/2025,1024,2071,401,0.0,615.16,80,No
1841,5/4/2025,1085,2030,404,2.0,407.93,74,Yes
1842,5/4/2025,1155,2085,401,0.0,726.45,25,No
1843,5/4/2025,1064,2064,404,2.0,940.93,84,Yes
1844,5/4/2025,1101,2085,403,1.0,217.94,15,Yes
1845,5/4/2025,1143,2005,402,2.0,343.02,68,No
1846,5/4/2025,1043,2064,404,2.0,235.23,52,Yes
1847,5/4/2025,1119,2016,401,2.0,258.42,29,Yes
1848,5/4/2025,1181,2067,404,1.0,523.71,85,No
1849,5/4/2025,1066,2014,403,0.0,0,31,Yes
1850,5/4/2025,1032,2063,403,2.0,441.97,15,Yes
1851,5/4/2025,1110,2036,403,2.0,348.77,12,Yes
1852,5/4/2025,1132,2040,404,1.0,124.34,71,No
1853,5/4/2025,1080,2094,404,1.0,0,93,Yes
1854,5/4/2025,1142,2084,404,0.0,0,61,Yes
1855,5/4/2025,1048,2019,401,1.0,840.54,98,Yes
1856,5/4/2025,1046,2004,404,2.0,741.8,92,No
1857,5/4/2025,1041,2090,404,3.0,358.2,96,No
1858,5/4/2025,1029,2063,401,3.0,1657.38,94,Yes
1859,5/4/2025,1091,2090,404,3.0,214.92,61,No
1860,5/4/2025,1126,2014,402,0.0,492.6,79,No
1861,5/4/2025,1089,2011,402,2.0,1638.96,17,Yes
1862,5/4/2025,1046,2021,403,1.0,2255.61,40,Yes
1863,5/4/2025,1149,2000,402,3.0,4846.55,80,Yes
1864,5/4/2025,1019,2031,404,0.0,1695.9,72,No
1865,5/4/2025,1084,2003,403,0.0,0,39,Yes
1866,5/4/2025,1100,2047,401,2.0,803.95,41,Yes
1867,5/4/2025,1039,2003,401,3.0,1155.54,4,Yes
1868,5/4/2025,1181,2084,404,3.0,1127.4,97,Yes
1869,5/4/2025,1160,2034,401,2.0,326.81,3,No
1870,5/4/2025,1011,2083,404,2.0,614.53,54,No
1871,5/4/2025,1187,2093,402,1.0,680.35,35,No
1872,5/4/2025,1012,2082,403,2.0,853.12,11,Yes
1873,5/4/2025,1014,2095,401,3.0,0,12,No
1874,5/4/2025,1023,2051,403,1.0,211.18,21,Yes
1875,5/4/2025,1061,2098,404,0.0,2723.58,5,Yes
1876,5/4/2025,1005,2026,402,3.0,211.56,41,Yes
1877,5/4/2025,1199,2051,403,1.0,0,70,Yes
1878,5/4/2025,1030,2038,404,3.0,3706.04,17,Yes
1879,5/4/2025,1188,2039,402,2.0,1562.3,85,Yes
1880,5/4/2025,1170,2012,403,1.0,560.87,62,Yes
1881,5/4/2025,1125,2057,404,3.0,1310.94,6,No
1882,5/4/2025,1068,2072,404,0.0,420.3,52,Yes
1883,5/4/2025,1193,2054,403,1.0,0,82,Yes
1884,5/4/2025,1111,2080,404,0.0,1664.52,65,Yes
1885,5/4/2025,1010,2065,403,3.0,0,0,Yes
1886,5/4/2025,1173,2028,402,3.0,2551.76,59,Yes
1887,5/4/2025,1134,2080,401,2.0,1331.62,87,Yes
1888,5/4/2025,1119,2055,401,3.0,269.7,89,Yes
1889,5/4/2025,1076,2019,402,2.0,747.14,32,Yes
1890,5/4/2025,1063,2066,404,2.0,0,76,Yes
1891,5/4/2025,1145,2006,401,0.0,0,98,Yes
1892,5/4/2025,1131,2013,404,3.0,4676.8,45,Yes
1893,5/4/2025,1024,2059,403,2.0,0,14,Yes
1894,5/4/2025,1065,2074,401,0.0,3297.5,17,Yes
1895,5/4/2025,1029,2094,404,1.0,0,59,No
1896,5/4/2025,1046,2050,401,0.0,560.34,8,No
1897,5/4/2025,1106,2090,403,2.0,114.62,19,Yes
1898,5/4/2025,1150,2092,404,3.0,482.21,87,Yes
1899,5/4/2025,1159,2033,403,1.0,752.62,83,Yes
1900,5/4/2025,1054,2023,401,2.0,751.63,23,No
1901,5/4/2025,1172,2013,404,0.0,1870.72,13,No
1902,5/4/2025,1001,2050,401,0.0,560.34,87,Yes
1903,5/4/2025,1043,2083,404,3.0,2304.48,95,Yes
1904,5/4/2025,1177,2051,404,2.0,281.57,64,Yes
1905,5/4/2025,1158,2078,403,3.0,568.04,17,No
1906,5/4/2025,1077,2011,402,1.0,368.77,13,No
1907,5/4/2025,1003,2024,401,0.0,248.54,39,No
1908,5/4/2025,1178,2024,401,1.0,223.69,47,Yes
1909,5/4/2025,1123,2083,402,1.0,1382.69,84,No
1910,5/4/2025,1111,2080,402,0.0,3329.04,41,Yes
1911,5/4/2025,1077,2098,404,1.0,817.07,28,No
1912,5/4/2025,1121,2054,401,0.0,0,55,No
1913,5/4/2025,1042,2019,404,3.0,933.93,51,No
1914,5/4/2025,1120,2002,404,1.0,1558.8,6,Yes
1915,5/4/2025,1051,2037,404,0.0,0,47,No
1916,5/4/2025,1085,2001,401,3.0,412.35,90,Yes
1917,5/4/2025,1106,2063,403,0.0,0,68,No
1918,5/4/2025,1124,2051,404,3.0,351.96,64,No
1919,5/4/2025,1059,2091,401,0.0,1811.58,50,No
1920,5/4/2025,1108,2073,403,0.0,1498.29,28,No
1921,5/4/2025,1068,2082,404,3.0,0,36,No
1922,5/4/2025,1029,2063,403,3.0,3314.76,42,No
1923,5/4/2025,1178,2055,401,1.0,242.73,96,No
1924,5/4/2025,1073,2092,402,3.0,482.21,87,No
1925,5/4/2025,1088,2056,402,1.0,1888.99,36,Yes
1926,5/4/2025,1150,2087,403,3.0,477.96,58,Yes
1927,5/4/2025,1033,2037,404,3.0,1440.56,81,Yes
1928,5/4/2025,1172,2083,403,3.0,2304.48,51,No
1929,5/4/2025,1041,2079,402,2.0,2281.3,93,No
1930,5/4/2025,1176,2095,401,3.0,1472.37,20,No
1931,5/4/2025,1033,2022,402,1.0,1208.12,71,Yes
1932,5/4/2025,1155,2062,401,3.0,1858.08,59,Yes
1933,5/4/2025,1126,2038,402,1.0,1667.72,44,No
1934,5/4/2025,1142,2006,401,2.0,0,62,No
1935,5/4/2025,1066,2045,402,1.0,1123.7,83,Yes
1936,5/4/2025,1128,2004,401,2.0,2967.2,77,Yes
1937,5/4/2025,1110,2014,402,0.0,246.3,31,No
1938,5/4/2025,1143,2028,404,2.0,1531.06,42,No
1939,5/4/2025,1087,2045,401,2.0,0,11,Yes
1940,5/4/2025,1038,2088,401,0.0,1418.7,6,Yes
1941,5/4/2025,1112,2058,401,0.0,0,31,No
1942,5/4/2025,1005,2078,401,0.0,426.03,98,Yes
1943,5/4/2025,1129,2013,402,0.0,1870.72,33,No
1944,5/4/2025,1052,2046,402,2.0,26.74,75,Yes
1945,5/4/2025,1181,2056,404,0.0,0,69,Yes
1946,5/4/2025,1039,2082,403,2.0,0,96,No
1947,5/4/2025,1035,2015,402,3.0,3374.85,11,Yes
1948,5/4/2025,1106,2098,401,1.0,1634.15,3,No
1949,5/4/2025,1121,2043,403,1.0,1572.21,8,Yes
1950,5/4/2025,1021,2034,403,3.0,544.68,11,Yes
1951,5/4/2025,1092,2080,402,1.0,3745.17,6,No
1952,5/4/2025,1192,2096,404,1.0,1814.89,70,No
1953,5/4/2025,1035,2054,404,3.0,0,19,No
1954,5/4/2025,1117,2066,403,0.0,0,12,No
1955,5/4/2025,1113,2018,401,0.0,1084.52,6,No
1956,5/4/2025,1021,2043,403,3.0,2620.35,63,No
1957,5/4/2025,1197,2021,404,0.0,1670.82,39,Yes
1958,5/4/2025,1100,2097,401,1.0,2273.67,57,No
1959,5/4/2025,1147,2007,403,3.0,0,100,Yes
1960,5/4/2025,1102,2087,403,2.0,0,10,No
1961,5/4/2025,1088,2001,403,1.0,1113.34,28,No
1962,5/4/2025,1179,2051,404,1.0,211.18,66,Yes
1963,5/4/2025,1139,2079,404,2.0,2281.3,94,Yes
1964,5/4/2025,1005,2083,404,1.0,691.34,17,No
1965,5/4/2025,1077,2010,401,2.0,186.82,23,No
1966,5/4/2025,1099,2092,402,2.0,1157.3,87,No
1967,5/4/2025,1054,2011,403,2.0,327.79,91,Yes
1968,5/4/2025,1193,2081,402,0.0,2238.66,92,No
1969,5/4/2025,1007,2069,403,1.0,836.6,37,Yes
1970,5/4/2025,1198,2038,404,0.0,1853.02,96,Yes
1971,5/4/2025,1187,2007,403,2.0,466.71,29,No
1972,5/4/2025,1160,2064,403,0.0,1176.16,58,No
1973,5/4/2025,1012,2096,401,3.0,672.18,51,Yes
1974,5/4/2025,1076,2073,401,3.0,499.43,89,No
1975,5/4/2025,1086,2030,402,2.0,407.93,60,No
1976,5/4/2025,1076,2036,402,3.0,217.98,41,No
1977,5/4/2025,1133,2094,402,0.0,1973.4,24,Yes
1978,5/4/2025,1083,2066,402,2.0,1238.54,8,Yes
1979,5/4/2025,1116,2012,402,3.0,0,29,No
1980,5/4/2025,1105,2010,401,0.0,155.68,18,No
1981,5/4/2025,1108,2016,404,1.0,872.15,57,Yes
1982,5/4/2025,1114,2009,403,3.0,198.93,57,Yes
1983,5/4/2025,1150,2071,404,2.0,492.13,76,No
1984,5/4/2025,1149,2063,404,3.0,2762.3,10,Yes
1985,5/4/2025,1176,2062,404,1.0,557.42,9,Yes
1986,5/4/2025,1036,2064,402,3.0,294.04,52,Yes
1987,5/4/2025,1182,2058,402,0.0,0,67,No
1988,5/4/2025,1177,2027,404,3.0,1034.44,91,No
1989,5/4/2025,1008,2095,402,2.0,0,39,Yes
1990,5/4/2025,1030,2077,404,0.0,1123.66,4,No
1991,5/4/2025,1030,2047,403,0.0,334.98,93,Yes
1992,5/4/2025,1133,2019,401,2.0,747.14,34,No
1993,5/4/2025,1078,2047,403,2.0,535.97,76,Yes
1994,5/4/2025,1124,2003,402,1.0,1386.65,79,Yes
1995,5/4/2025,1005,2075,404,0.0,3122.56,67,Yes
1996,5/4/2025,1078,2036,402,1.0,588.55,55,No
1997,5/4/2025,1189,2062,401,0.0,2477.44,91,Yes
1998,5/4/2025,1140,2044,401,0.0,207.58,9,Yes
1999,5/4/2025,1106,2061,403,3.0,599.76,17,No
2000,5/4/2025,1086,2048,404,1.0,321.87,34,Yes
6,5/4/2025,1089,2028,401,0.0,1275.88,13,No
